#
# There is insufficient memory for the Java Runtime Environment to continue.
# Native memory allocation (mmap) failed to map 14680064 bytes. Error detail: G1 virtual space
# Possible reasons:
#   The system is out of physical RAM or swap space
#   This process is running with CompressedOops enabled, and the Java Heap may be blocking the growth of the native heap
# Possible solutions:
#   Reduce memory load on the system
#   Increase physical memory or swap space
#   Check if swap backing store is full
#   Decrease Java heap size (-Xmx/-Xms)
#   Decrease number of Java threads
#   Decrease Java thread stack sizes (-Xss)
#   Set larger code cache with -XX:ReservedCodeCacheSize=
#   JVM is running with Zero Based Compressed Oops mode in which the Java heap is
#     placed in the first 32GB address space. The Java Heap base address is the
#     maximum limit for the native heap growth. Please use -XX:HeapBaseMinAddress
#     to set the Java Heap base and to place the Java Heap above 32GB virtual address.
# This output file may be truncated or incomplete.
#
#  Out of Memory Error (os_windows.cpp:3898), pid=21584, tid=17568
#
# JRE version: OpenJDK Runtime Environment (21.0.6) (build 21.0.6+-13391695-b895.109)
# Java VM: OpenJDK 64-Bit Server VM (21.0.6+-13391695-b895.109, mixed mode, tiered, compressed oops, compressed class ptrs, g1 gc, windows-amd64)
# No core dump will be written. Minidumps are not enabled by default on client versions of Windows
#

---------------  S U M M A R Y ------------

Command Line: --add-opens=java.base/java.lang=ALL-UNNAMED --add-opens=java.base/java.lang.invoke=ALL-UNNAMED --add-opens=java.base/java.util=ALL-UNNAMED --add-opens=java.prefs/java.util.prefs=ALL-UNNAMED --add-exports=jdk.compiler/com.sun.tools.javac.api=ALL-UNNAMED --add-exports=jdk.compiler/com.sun.tools.javac.util=ALL-UNNAMED --add-opens=java.base/java.util=ALL-UNNAMED --add-opens=java.prefs/java.util.prefs=ALL-UNNAMED --add-opens=java.base/java.nio.charset=ALL-UNNAMED --add-opens=java.base/java.net=ALL-UNNAMED --add-opens=java.base/java.util.concurrent.atomic=ALL-UNNAMED --add-opens=java.xml/javax.xml.namespace=ALL-UNNAMED -XX:MaxMetaspaceSize=1g -Xmx4g -Dfile.encoding=UTF-8 -Duser.country=US -Duser.language=en -Duser.variant -javaagent:C:\Users\CUONG\.gradle\wrapper\dists\gradle-8.13-bin\5xuhj0ry160q40clulazy9h7d\gradle-8.13\lib\agents\gradle-instrumentation-agent-8.13.jar org.gradle.launcher.daemon.bootstrap.GradleDaemon 8.13

Host: 12th Gen Intel(R) Core(TM) i5-12400F, 12 cores, 15G,  Windows 11 , 64 bit Build 26100 (10.0.26100.4768)
Time: Fri Sep  5 19:10:31 2025 SE Asia Standard Time elapsed time: 18.166371 seconds (0d 0h 0m 18s)

---------------  T H R E A D  ---------------

Current thread (0x000002263b0228e0):  VMThread "VM Thread"          [id=17568, stack(0x0000007a25600000,0x0000007a25700000) (1024K)]

Stack: [0x0000007a25600000,0x0000007a25700000]
Native frames: (J=compiled Java code, j=interpreted, Vv=VM code, C=native code)
V  [jvm.dll+0x6d0639]
V  [jvm.dll+0x85eb03]
V  [jvm.dll+0x86105e]
V  [jvm.dll+0x861743]
V  [jvm.dll+0x27e6e6]
V  [jvm.dll+0x6ccfd5]
V  [jvm.dll+0x6c0a8a]
V  [jvm.dll+0x35537b]
V  [jvm.dll+0x35cfd6]
V  [jvm.dll+0x3aef86]
V  [jvm.dll+0x3af258]
V  [jvm.dll+0x327a2c]
V  [jvm.dll+0x327ab7]
V  [jvm.dll+0x36d93c]
V  [jvm.dll+0x36c0ee]
V  [jvm.dll+0x327181]
V  [jvm.dll+0x36b7f0]
V  [jvm.dll+0x8674c8]
V  [jvm.dll+0x868844]
V  [jvm.dll+0x868d80]
V  [jvm.dll+0x869013]
V  [jvm.dll+0x806ed8]
V  [jvm.dll+0x6cef0d]
C  [ucrtbase.dll+0x37b0]
C  [KERNEL32.DLL+0x2e8d7]
C  [ntdll.dll+0x3c34c]

VM_Operation (0x0000007a27afdee0): G1CollectForAllocation, mode: safepoint, requested by thread 0x000002263ce48b00


---------------  P R O C E S S  ---------------

Threads class SMR info:
_java_thread_list=0x0000022640284640, length=158, elements={
0x000002261c8a2630, 0x000002263b0815a0, 0x000002263b081ff0, 0x000002263b083c70,
0x000002263b09b150, 0x000002263b0a5970, 0x000002263b0a63c0, 0x000002263b0b0a00,
0x000002263b0b3200, 0x000002263b1edf70, 0x000002263b3cf250, 0x000002263cbce390,
0x000002263cc7a480, 0x000002263cf13a50, 0x000002263ce4a360, 0x000002263ce4a9c0,
0x000002263cf93ad0, 0x000002263ced7d20, 0x000002263cd41740, 0x000002263ce470c0,
0x000002263ce47750, 0x000002263ce48470, 0x000002263ce463a0, 0x000002263ce48b00,
0x000002263ce49820, 0x000002263ce47de0, 0x000002263ce46a30, 0x000002263ed8d3e0,
0x000002263ed8da70, 0x000002263ed8fb40, 0x000002263ed8ee20, 0x000002263ed8e100,
0x000002263ed8e790, 0x000002263ed8cd50, 0x000002263ed922a0, 0x000002263ed92fc0,
0x000002263ed90ef0, 0x000002263ed92930, 0x000002263ed901d0, 0x000002263ed93650,
0x000002263ed91580, 0x000002263b93a610, 0x000002263b93c050, 0x000002263b9398f0,
0x000002263b93b9c0, 0x000002263b939f80, 0x000002263b93da90, 0x000002263b93b330,
0x000002263b93f4d0, 0x000002263b93fb60, 0x000002263b9401f0, 0x000002263b93e7b0,
0x000002263ed8f4b0, 0x000002263d6a5880, 0x000002263d6a4b60, 0x000002263d6a2a90,
0x000002263d6a5f10, 0x000002263d6a51f0, 0x000002263d6a65a0, 0x000002263d6a3e40,
0x000002263d6a3120, 0x000002263d6a6c30, 0x000002263d6a37b0, 0x000002263d6a72c0,
0x000002263d6a7950, 0x000002263d6a44d0, 0x000002263d6a9390, 0x000002263b93aca0,
0x000002263b940f10, 0x000002263fe64b20, 0x000002263fe63e00, 0x000002263fe651b0,
0x000002263fe65840, 0x000002263fe65ed0, 0x000002263fe66560, 0x000002263fe630e0,
0x000002263fe64490, 0x000002263fe66bf0, 0x000002263fe63770, 0x000002263fe67280,
0x000002263fe68630, 0x000002263fe68cc0, 0x000002263fe6a700, 0x000002263fe67fa0,
0x000002263fe69350, 0x000002263fe6a070, 0x000002263d6a8670, 0x000002263d6a9a20,
0x000002263d6a7fe0, 0x000002263e423cf0, 0x000002263e421590, 0x000002263e421c20,
0x000002263e4222b0, 0x000002263e425730, 0x000002263e424a10, 0x000002263e422940,
0x000002263e426450, 0x000002263e422fd0, 0x000002263e423660, 0x000002263e425dc0,
0x000002263e426ae0, 0x000002263e427800, 0x000002263ea39880, 0x000002263d443750,
0x000002263d442a30, 0x000002263d4430c0, 0x000002263d4423a0, 0x000002263d443de0,
0x000002263d441d10, 0x000002263d446540, 0x000002263d447f80, 0x000002263d445eb0,
0x000002263d447260, 0x000002263d446bd0, 0x000002263d445820, 0x000002263d4478f0,
0x000002263d448610, 0x000002263d448ca0, 0x000002263e427e90, 0x000002263e428520,
0x000002263e427170, 0x0000022640401640, 0x0000022640400920, 0x0000022640402360,
0x0000022640401cd0, 0x00000226403ff570, 0x0000022640400290, 0x00000226403ffc00,
0x0000022640403710, 0x0000022640403080, 0x0000022640403da0, 0x00000226404029f0,
0x0000022640404430, 0x0000022640400fb0, 0x0000022640406500, 0x0000022640405150,
0x000002263d8751a0, 0x000002263d875ec0, 0x000002263ea3cf00, 0x0000022647332940,
0x00000226473350a0, 0x0000022647334a10, 0x0000022647337170, 0x0000022647334380,
0x0000022647336450, 0x0000022647333cf0, 0x0000022647336ae0, 0x0000022647337800,
0x0000022647337e90, 0x0000022647338bb0, 0x0000022647338520, 0x0000022647335730,
0x0000022647335dc0, 0x000002264733c030, 0x000002264733a5f0, 0x000002264733b9a0,
0x00000226473398d0, 0x0000022647339f60
}

Java Threads: ( => current thread )
  0x000002261c8a2630 JavaThread "main"                              [_thread_blocked, id=20684, stack(0x0000007a24f00000,0x0000007a25000000) (1024K)]
  0x000002263b0815a0 JavaThread "Reference Handler"          daemon [_thread_blocked, id=21860, stack(0x0000007a25700000,0x0000007a25800000) (1024K)]
  0x000002263b081ff0 JavaThread "Finalizer"                  daemon [_thread_blocked, id=24156, stack(0x0000007a25800000,0x0000007a25900000) (1024K)]
  0x000002263b083c70 JavaThread "Signal Dispatcher"          daemon [_thread_blocked, id=22332, stack(0x0000007a25900000,0x0000007a25a00000) (1024K)]
  0x000002263b09b150 JavaThread "Attach Listener"            daemon [_thread_blocked, id=19468, stack(0x0000007a25a00000,0x0000007a25b00000) (1024K)]
  0x000002263b0a5970 JavaThread "Service Thread"             daemon [_thread_blocked, id=16592, stack(0x0000007a25b00000,0x0000007a25c00000) (1024K)]
  0x000002263b0a63c0 JavaThread "Monitor Deflation Thread"   daemon [_thread_blocked, id=26896, stack(0x0000007a25c00000,0x0000007a25d00000) (1024K)]
  0x000002263b0b0a00 JavaThread "C2 CompilerThread0"         daemon [_thread_blocked, id=9528, stack(0x0000007a25d00000,0x0000007a25e00000) (1024K)]
  0x000002263b0b3200 JavaThread "C1 CompilerThread0"         daemon [_thread_blocked, id=13544, stack(0x0000007a25e00000,0x0000007a25f00000) (1024K)]
  0x000002263b1edf70 JavaThread "Common-Cleaner"             daemon [_thread_blocked, id=30484, stack(0x0000007a25f00000,0x0000007a26000000) (1024K)]
  0x000002263b3cf250 JavaThread "Notification Thread"        daemon [_thread_blocked, id=30168, stack(0x0000007a26000000,0x0000007a26100000) (1024K)]
  0x000002263cbce390 JavaThread "Daemon health stats"               [_thread_blocked, id=17448, stack(0x0000007a26800000,0x0000007a26900000) (1024K)]
  0x000002263cc7a480 JavaThread "Incoming local TCP Connector on port 63632"        [_thread_in_native, id=28036, stack(0x0000007a26900000,0x0000007a26a00000) (1024K)]
  0x000002263cf13a50 JavaThread "Daemon periodic checks"            [_thread_blocked, id=21392, stack(0x0000007a26e00000,0x0000007a26f00000) (1024K)]
  0x000002263ce4a360 JavaThread "Daemon"                            [_thread_blocked, id=27172, stack(0x0000007a26f00000,0x0000007a27000000) (1024K)]
  0x000002263ce4a9c0 JavaThread "Handler for socket connection from /127.0.0.1:63632 to /127.0.0.1:63633"        [_thread_in_native, id=11156, stack(0x0000007a27000000,0x0000007a27100000) (1024K)]
  0x000002263cf93ad0 JavaThread "Cancel handler"                    [_thread_blocked, id=21052, stack(0x0000007a27100000,0x0000007a27200000) (1024K)]
  0x000002263ced7d20 JavaThread "Daemon worker"                     [_thread_blocked, id=8552, stack(0x0000007a27200000,0x0000007a27300000) (1024K)]
  0x000002263cd41740 JavaThread "Asynchronous log dispatcher for DefaultDaemonConnection: socket connection from /127.0.0.1:63632 to /127.0.0.1:63633"        [_thread_blocked, id=10392, stack(0x0000007a27300000,0x0000007a27400000) (1024K)]
  0x000002263ce470c0 JavaThread "Stdin handler"                     [_thread_blocked, id=26628, stack(0x0000007a27400000,0x0000007a27500000) (1024K)]
  0x000002263ce47750 JavaThread "Daemon client event forwarder"        [_thread_blocked, id=3132, stack(0x0000007a27500000,0x0000007a27600000) (1024K)]
  0x000002263ce48470 JavaThread "Cache worker for journal cache (C:\Users\CUONG\.gradle\caches\journal-1)"        [_thread_blocked, id=15780, stack(0x0000007a27800000,0x0000007a27900000) (1024K)]
  0x000002263ce463a0 JavaThread "File lock request listener"        [_thread_in_native, id=10480, stack(0x0000007a27900000,0x0000007a27a00000) (1024K)]
  0x000002263ce48b00 JavaThread "Cache worker for file hash cache (C:\Users\CUONG\.gradle\caches\8.13\fileHashes)"        [_thread_blocked, id=18464, stack(0x0000007a27a00000,0x0000007a27b00000) (1024K)]
  0x000002263ce49820 JavaThread "Cache worker for file hash cache (D:\PROJECT\APP_CA2_RS_2025\ANDROID\rs-2.0\android\.gradle\8.13\fileHashes)"        [_thread_blocked, id=24568, stack(0x0000007a27b00000,0x0000007a27c00000) (1024K)]
  0x000002263ce47de0 JavaThread "Cache worker for Build Output Cleanup Cache (D:\PROJECT\APP_CA2_RS_2025\ANDROID\rs-2.0\android\.gradle\buildOutputCleanup)"        [_thread_blocked, id=20508, stack(0x0000007a27c00000,0x0000007a27d00000) (1024K)]
  0x000002263ce46a30 JavaThread "File watcher server"        daemon [_thread_in_native, id=25488, stack(0x0000007a27d00000,0x0000007a27e00000) (1024K)]
  0x000002263ed8d3e0 JavaThread "File watcher consumer"      daemon [_thread_blocked, id=30056, stack(0x0000007a26200000,0x0000007a26300000) (1024K)]
  0x000002263ed8da70 JavaThread "jar transforms"                    [_thread_blocked, id=29768, stack(0x0000007a27e00000,0x0000007a27f00000) (1024K)]
  0x000002263ed8fb40 JavaThread "jar transforms Thread 2"           [_thread_blocked, id=21732, stack(0x0000007a27f00000,0x0000007a28000000) (1024K)]
  0x000002263ed8ee20 JavaThread "jar transforms Thread 3"           [_thread_blocked, id=604, stack(0x0000007a28000000,0x0000007a28100000) (1024K)]
  0x000002263ed8e100 JavaThread "jar transforms Thread 4"           [_thread_blocked, id=23020, stack(0x0000007a28100000,0x0000007a28200000) (1024K)]
  0x000002263ed8e790 JavaThread "jar transforms Thread 5"           [_thread_blocked, id=5716, stack(0x0000007a28200000,0x0000007a28300000) (1024K)]
  0x000002263ed8cd50 JavaThread "jar transforms Thread 6"           [_thread_blocked, id=2420, stack(0x0000007a28300000,0x0000007a28400000) (1024K)]
  0x000002263ed922a0 JavaThread "jar transforms Thread 7"           [_thread_blocked, id=29220, stack(0x0000007a28400000,0x0000007a28500000) (1024K)]
  0x000002263ed92fc0 JavaThread "jar transforms Thread 8"           [_thread_blocked, id=21148, stack(0x0000007a28500000,0x0000007a28600000) (1024K)]
  0x000002263ed90ef0 JavaThread "jar transforms Thread 9"           [_thread_blocked, id=10116, stack(0x0000007a28600000,0x0000007a28700000) (1024K)]
  0x000002263ed92930 JavaThread "jar transforms Thread 10"          [_thread_blocked, id=28828, stack(0x0000007a28700000,0x0000007a28800000) (1024K)]
  0x000002263ed901d0 JavaThread "jar transforms Thread 11"          [_thread_blocked, id=15672, stack(0x0000007a28800000,0x0000007a28900000) (1024K)]
  0x000002263ed93650 JavaThread "jar transforms Thread 12"          [_thread_blocked, id=21820, stack(0x0000007a28900000,0x0000007a28a00000) (1024K)]
  0x000002263ed91580 JavaThread "Cache worker for checksums cache (D:\PROJECT\APP_CA2_RS_2025\ANDROID\rs-2.0\android\.gradle\8.13\checksums)"        [_thread_blocked, id=13440, stack(0x0000007a28b00000,0x0000007a28c00000) (1024K)]
  0x000002263b93a610 JavaThread "Cache worker for file content cache (C:\Users\CUONG\.gradle\caches\8.13\fileContent)"        [_thread_blocked, id=13896, stack(0x0000007a26100000,0x0000007a26200000) (1024K)]
  0x000002263b93c050 JavaThread "Cache worker for cache directory md-supplier (C:\Users\CUONG\.gradle\caches\8.13\md-supplier)"        [_thread_blocked, id=20076, stack(0x0000007a28d00000,0x0000007a28e00000) (1024K)]
  0x000002263b9398f0 JavaThread "Cache worker for cache directory md-rule (C:\Users\CUONG\.gradle\caches\8.13\md-rule)"        [_thread_blocked, id=12544, stack(0x0000007a28e00000,0x0000007a28f00000) (1024K)]
  0x000002263b93b9c0 JavaThread "Unconstrained build operations"        [_thread_blocked, id=15980, stack(0x0000007a28c00000,0x0000007a28d00000) (1024K)]
  0x000002263b939f80 JavaThread "Unconstrained build operations Thread 2"        [_thread_blocked, id=14068, stack(0x0000007a28f00000,0x0000007a29000000) (1024K)]
  0x000002263b93da90 JavaThread "Unconstrained build operations Thread 3"        [_thread_blocked, id=29988, stack(0x0000007a29000000,0x0000007a29100000) (1024K)]
  0x000002263b93b330 JavaThread "Unconstrained build operations Thread 4"        [_thread_blocked, id=28804, stack(0x0000007a29100000,0x0000007a29200000) (1024K)]
  0x000002263b93f4d0 JavaThread "Unconstrained build operations Thread 5"        [_thread_blocked, id=23420, stack(0x0000007a29300000,0x0000007a29400000) (1024K)]
  0x000002263b93fb60 JavaThread "Unconstrained build operations Thread 6"        [_thread_blocked, id=22824, stack(0x0000007a29400000,0x0000007a29500000) (1024K)]
  0x000002263b9401f0 JavaThread "Unconstrained build operations Thread 7"        [_thread_blocked, id=6804, stack(0x0000007a29500000,0x0000007a29600000) (1024K)]
  0x000002263b93e7b0 JavaThread "Unconstrained build operations Thread 8"        [_thread_blocked, id=22264, stack(0x0000007a29600000,0x0000007a29700000) (1024K)]
  0x000002263ed8f4b0 JavaThread "Unconstrained build operations Thread 9"        [_thread_blocked, id=22356, stack(0x0000007a29700000,0x0000007a29800000) (1024K)]
  0x000002263d6a5880 JavaThread "Unconstrained build operations Thread 10"        [_thread_blocked, id=10056, stack(0x0000007a29800000,0x0000007a29900000) (1024K)]
  0x000002263d6a4b60 JavaThread "Unconstrained build operations Thread 11"        [_thread_blocked, id=4916, stack(0x0000007a29900000,0x0000007a29a00000) (1024K)]
  0x000002263d6a2a90 JavaThread "Unconstrained build operations Thread 12"        [_thread_blocked, id=11540, stack(0x0000007a29a00000,0x0000007a29b00000) (1024K)]
  0x000002263d6a5f10 JavaThread "Unconstrained build operations Thread 13"        [_thread_blocked, id=27144, stack(0x0000007a29b00000,0x0000007a29c00000) (1024K)]
  0x000002263d6a51f0 JavaThread "Unconstrained build operations Thread 14"        [_thread_blocked, id=27880, stack(0x0000007a29c00000,0x0000007a29d00000) (1024K)]
  0x000002263d6a65a0 JavaThread "Unconstrained build operations Thread 15"        [_thread_blocked, id=25348, stack(0x0000007a29d00000,0x0000007a29e00000) (1024K)]
  0x000002263d6a3e40 JavaThread "Unconstrained build operations Thread 16"        [_thread_blocked, id=10720, stack(0x0000007a29e00000,0x0000007a29f00000) (1024K)]
  0x000002263d6a3120 JavaThread "Unconstrained build operations Thread 17"        [_thread_blocked, id=26540, stack(0x0000007a29f00000,0x0000007a2a000000) (1024K)]
  0x000002263d6a6c30 JavaThread "Unconstrained build operations Thread 18"        [_thread_blocked, id=23016, stack(0x0000007a2a000000,0x0000007a2a100000) (1024K)]
  0x000002263d6a37b0 JavaThread "Unconstrained build operations Thread 19"        [_thread_blocked, id=22316, stack(0x0000007a2a100000,0x0000007a2a200000) (1024K)]
  0x000002263d6a72c0 JavaThread "Unconstrained build operations Thread 20"        [_thread_blocked, id=21496, stack(0x0000007a2a200000,0x0000007a2a300000) (1024K)]
  0x000002263d6a7950 JavaThread "Unconstrained build operations Thread 21"        [_thread_blocked, id=26904, stack(0x0000007a2a300000,0x0000007a2a400000) (1024K)]
  0x000002263d6a44d0 JavaThread "Unconstrained build operations Thread 22"        [_thread_blocked, id=8224, stack(0x0000007a2a400000,0x0000007a2a500000) (1024K)]
  0x000002263d6a9390 JavaThread "Unconstrained build operations Thread 23"        [_thread_blocked, id=26448, stack(0x0000007a2a500000,0x0000007a2a600000) (1024K)]
  0x000002263b93aca0 JavaThread "Exec process"                      [_thread_blocked, id=27764, stack(0x0000007a2a600000,0x0000007a2a700000) (1024K)]
  0x000002263b940f10 JavaThread "Exec process Thread 2"             [_thread_blocked, id=16684, stack(0x0000007a2a700000,0x0000007a2a800000) (1024K)]
  0x000002263fe64b20 JavaThread "Exec process Thread 3"             [_thread_blocked, id=27916, stack(0x0000007a2a800000,0x0000007a2a900000) (1024K)]
  0x000002263fe63e00 JavaThread "Cache worker for Build Output Cleanup Cache (D:\PROJECT\APP_CA2_RS_2025\ANDROID\rs-2.0\node_modules\@react-native\gradle-plugin\.gradle\buildOutputCleanup)"        [_thread_blocked, id=30140, stack(0x0000007a28a00000,0x0000007a28b00000) (1024K)]
  0x000002263fe651b0 JavaThread "Unconstrained build operations Thread 24"        [_thread_blocked, id=26272, stack(0x0000007a29200000,0x0000007a29300000) (1024K)]
  0x000002263fe65840 JavaThread "Unconstrained build operations Thread 25"        [_thread_blocked, id=30300, stack(0x0000007a2a900000,0x0000007a2aa00000) (1024K)]
  0x000002263fe65ed0 JavaThread "Unconstrained build operations Thread 26"        [_thread_blocked, id=24452, stack(0x0000007a2aa00000,0x0000007a2ab00000) (1024K)]
  0x000002263fe66560 JavaThread "Unconstrained build operations Thread 27"        [_thread_blocked, id=14456, stack(0x0000007a2ab00000,0x0000007a2ac00000) (1024K)]
  0x000002263fe630e0 JavaThread "Unconstrained build operations Thread 28"        [_thread_blocked, id=29320, stack(0x0000007a2ac00000,0x0000007a2ad00000) (1024K)]
  0x000002263fe64490 JavaThread "Unconstrained build operations Thread 29"        [_thread_blocked, id=28520, stack(0x0000007a2ad00000,0x0000007a2ae00000) (1024K)]
  0x000002263fe66bf0 JavaThread "Unconstrained build operations Thread 30"        [_thread_blocked, id=20200, stack(0x0000007a2ae00000,0x0000007a2af00000) (1024K)]
  0x000002263fe63770 JavaThread "Unconstrained build operations Thread 31"        [_thread_blocked, id=21600, stack(0x0000007a2af00000,0x0000007a2b000000) (1024K)]
  0x000002263fe67280 JavaThread "Unconstrained build operations Thread 32"        [_thread_blocked, id=24516, stack(0x0000007a2b000000,0x0000007a2b100000) (1024K)]
  0x000002263fe68630 JavaThread "Unconstrained build operations Thread 33"        [_thread_blocked, id=30236, stack(0x0000007a2b100000,0x0000007a2b200000) (1024K)]
  0x000002263fe68cc0 JavaThread "Unconstrained build operations Thread 34"        [_thread_blocked, id=12864, stack(0x0000007a2b200000,0x0000007a2b300000) (1024K)]
  0x000002263fe6a700 JavaThread "Unconstrained build operations Thread 35"        [_thread_blocked, id=28364, stack(0x0000007a2b300000,0x0000007a2b400000) (1024K)]
  0x000002263fe67fa0 JavaThread "Unconstrained build operations Thread 36"        [_thread_blocked, id=29500, stack(0x0000007a2b400000,0x0000007a2b500000) (1024K)]
  0x000002263fe69350 JavaThread "Unconstrained build operations Thread 37"        [_thread_blocked, id=25552, stack(0x0000007a2b500000,0x0000007a2b600000) (1024K)]
  0x000002263fe6a070 JavaThread "Unconstrained build operations Thread 38"        [_thread_blocked, id=14064, stack(0x0000007a2b600000,0x0000007a2b700000) (1024K)]
  0x000002263d6a8670 JavaThread "Unconstrained build operations Thread 39"        [_thread_blocked, id=24332, stack(0x0000007a2b700000,0x0000007a2b800000) (1024K)]
  0x000002263d6a9a20 JavaThread "Unconstrained build operations Thread 40"        [_thread_blocked, id=26468, stack(0x0000007a2b800000,0x0000007a2b900000) (1024K)]
  0x000002263d6a7fe0 JavaThread "Unconstrained build operations Thread 41"        [_thread_blocked, id=27468, stack(0x0000007a2b900000,0x0000007a2ba00000) (1024K)]
  0x000002263e423cf0 JavaThread "Cache worker for Build Output Cleanup Cache (D:\PROJECT\APP_CA2_RS_2025\ANDROID\rs-2.0\node_modules\expo-modules-autolinking\android\expo-gradle-plugin\.gradle\buildOutputCleanup)"        [_thread_blocked, id=8856, stack(0x0000007a2bb00000,0x0000007a2bc00000) (1024K)]
  0x000002263e421590 JavaThread "Unconstrained build operations Thread 42"        [_thread_blocked, id=25204, stack(0x0000007a2bc00000,0x0000007a2bd00000) (1024K)]
  0x000002263e421c20 JavaThread "Unconstrained build operations Thread 43"        [_thread_blocked, id=21284, stack(0x0000007a2bd00000,0x0000007a2be00000) (1024K)]
  0x000002263e4222b0 JavaThread "Unconstrained build operations Thread 44"        [_thread_blocked, id=17840, stack(0x0000007a2be00000,0x0000007a2bf00000) (1024K)]
  0x000002263e425730 JavaThread "Unconstrained build operations Thread 45"        [_thread_blocked, id=10836, stack(0x0000007a2bf00000,0x0000007a2c000000) (1024K)]
  0x000002263e424a10 JavaThread "Unconstrained build operations Thread 46"        [_thread_blocked, id=27104, stack(0x0000007a2c000000,0x0000007a2c100000) (1024K)]
  0x000002263e422940 JavaThread "Unconstrained build operations Thread 47"        [_thread_blocked, id=12464, stack(0x0000007a2c200000,0x0000007a2c300000) (1024K)]
  0x000002263e426450 JavaThread "Unconstrained build operations Thread 48"        [_thread_blocked, id=1936, stack(0x0000007a2c300000,0x0000007a2c400000) (1024K)]
  0x000002263e422fd0 JavaThread "Unconstrained build operations Thread 49"        [_thread_blocked, id=13016, stack(0x0000007a2c400000,0x0000007a2c500000) (1024K)]
  0x000002263e423660 JavaThread "Unconstrained build operations Thread 50"        [_thread_blocked, id=30688, stack(0x0000007a2c500000,0x0000007a2c600000) (1024K)]
  0x000002263e425dc0 JavaThread "Unconstrained build operations Thread 51"        [_thread_blocked, id=24488, stack(0x0000007a2c600000,0x0000007a2c700000) (1024K)]
  0x000002263e426ae0 JavaThread "Unconstrained build operations Thread 52"        [_thread_blocked, id=22584, stack(0x0000007a2c700000,0x0000007a2c800000) (1024K)]
  0x000002263e427800 JavaThread "Unconstrained build operations Thread 53"        [_thread_blocked, id=27148, stack(0x0000007a2c800000,0x0000007a2c900000) (1024K)]
  0x000002263ea39880 JavaThread "C2 CompilerThread1"         daemon [_thread_blocked, id=27152, stack(0x0000007a2ba00000,0x0000007a2bb00000) (1024K)]
  0x000002263d443750 JavaThread "Unconstrained build operations Thread 54"        [_thread_blocked, id=26592, stack(0x0000007a2c100000,0x0000007a2c200000) (1024K)]
  0x000002263d442a30 JavaThread "Unconstrained build operations Thread 55"        [_thread_blocked, id=17776, stack(0x0000007a2c900000,0x0000007a2ca00000) (1024K)]
  0x000002263d4430c0 JavaThread "Unconstrained build operations Thread 56"        [_thread_blocked, id=10012, stack(0x0000007a2ca00000,0x0000007a2cb00000) (1024K)]
  0x000002263d4423a0 JavaThread "Unconstrained build operations Thread 57"        [_thread_blocked, id=26888, stack(0x0000007a2cb00000,0x0000007a2cc00000) (1024K)]
  0x000002263d443de0 JavaThread "Unconstrained build operations Thread 58"        [_thread_blocked, id=21028, stack(0x0000007a2cc00000,0x0000007a2cd00000) (1024K)]
  0x000002263d441d10 JavaThread "Unconstrained build operations Thread 59"        [_thread_blocked, id=11936, stack(0x0000007a2cd00000,0x0000007a2ce00000) (1024K)]
  0x000002263d446540 JavaThread "Unconstrained build operations Thread 60"        [_thread_blocked, id=9412, stack(0x0000007a2ce00000,0x0000007a2cf00000) (1024K)]
  0x000002263d447f80 JavaThread "Unconstrained build operations Thread 61"        [_thread_blocked, id=10816, stack(0x0000007a2cf00000,0x0000007a2d000000) (1024K)]
  0x000002263d445eb0 JavaThread "Unconstrained build operations Thread 62"        [_thread_blocked, id=22572, stack(0x0000007a2d000000,0x0000007a2d100000) (1024K)]
  0x000002263d447260 JavaThread "Unconstrained build operations Thread 63"        [_thread_blocked, id=27584, stack(0x0000007a2d100000,0x0000007a2d200000) (1024K)]
  0x000002263d446bd0 JavaThread "Unconstrained build operations Thread 64"        [_thread_blocked, id=27352, stack(0x0000007a2d200000,0x0000007a2d300000) (1024K)]
  0x000002263d445820 JavaThread "Unconstrained build operations Thread 65"        [_thread_blocked, id=12188, stack(0x0000007a2d300000,0x0000007a2d400000) (1024K)]
  0x000002263d4478f0 JavaThread "Unconstrained build operations Thread 66"        [_thread_blocked, id=19568, stack(0x0000007a2d400000,0x0000007a2d500000) (1024K)]
  0x000002263d448610 JavaThread "Unconstrained build operations Thread 67"        [_thread_blocked, id=22284, stack(0x0000007a2d500000,0x0000007a2d600000) (1024K)]
  0x000002263d448ca0 JavaThread "Unconstrained build operations Thread 68"        [_thread_blocked, id=17004, stack(0x0000007a2d600000,0x0000007a2d700000) (1024K)]
  0x000002263e427e90 JavaThread "Unconstrained build operations Thread 69"        [_thread_blocked, id=3612, stack(0x0000007a2d700000,0x0000007a2d800000) (1024K)]
  0x000002263e428520 JavaThread "Unconstrained build operations Thread 70"        [_thread_blocked, id=3552, stack(0x0000007a2d800000,0x0000007a2d900000) (1024K)]
  0x000002263e427170 JavaThread "Unconstrained build operations Thread 71"        [_thread_blocked, id=13756, stack(0x0000007a2d900000,0x0000007a2da00000) (1024K)]
  0x0000022640401640 JavaThread "Unconstrained build operations Thread 72"        [_thread_blocked, id=27440, stack(0x0000007a2da00000,0x0000007a2db00000) (1024K)]
  0x0000022640400920 JavaThread "Unconstrained build operations Thread 73"        [_thread_blocked, id=17508, stack(0x0000007a2db00000,0x0000007a2dc00000) (1024K)]
  0x0000022640402360 JavaThread "Unconstrained build operations Thread 74"        [_thread_blocked, id=29628, stack(0x0000007a2dc00000,0x0000007a2dd00000) (1024K)]
  0x0000022640401cd0 JavaThread "Unconstrained build operations Thread 75"        [_thread_blocked, id=27976, stack(0x0000007a2dd00000,0x0000007a2de00000) (1024K)]
  0x00000226403ff570 JavaThread "Unconstrained build operations Thread 76"        [_thread_blocked, id=132, stack(0x0000007a2de00000,0x0000007a2df00000) (1024K)]
  0x0000022640400290 JavaThread "Unconstrained build operations Thread 77"        [_thread_blocked, id=23296, stack(0x0000007a2df00000,0x0000007a2e000000) (1024K)]
  0x00000226403ffc00 JavaThread "Unconstrained build operations Thread 78"        [_thread_blocked, id=23724, stack(0x0000007a2e000000,0x0000007a2e100000) (1024K)]
  0x0000022640403710 JavaThread "Unconstrained build operations Thread 79"        [_thread_blocked, id=12368, stack(0x0000007a2e100000,0x0000007a2e200000) (1024K)]
  0x0000022640403080 JavaThread "Unconstrained build operations Thread 80"        [_thread_blocked, id=12796, stack(0x0000007a2e200000,0x0000007a2e300000) (1024K)]
  0x0000022640403da0 JavaThread "Unconstrained build operations Thread 81"        [_thread_blocked, id=25924, stack(0x0000007a2e300000,0x0000007a2e400000) (1024K)]
  0x00000226404029f0 JavaThread "Unconstrained build operations Thread 82"        [_thread_blocked, id=22712, stack(0x0000007a2e400000,0x0000007a2e500000) (1024K)]
  0x0000022640404430 JavaThread "Unconstrained build operations Thread 83"        [_thread_blocked, id=10856, stack(0x0000007a2e500000,0x0000007a2e600000) (1024K)]
  0x0000022640400fb0 JavaThread "Unconstrained build operations Thread 84"        [_thread_blocked, id=24428, stack(0x0000007a2e600000,0x0000007a2e700000) (1024K)]
  0x0000022640406500 JavaThread "Unconstrained build operations Thread 85"        [_thread_blocked, id=5036, stack(0x0000007a2e700000,0x0000007a2e800000) (1024K)]
  0x0000022640405150 JavaThread "Unconstrained build operations Thread 86"        [_thread_blocked, id=27492, stack(0x0000007a2e800000,0x0000007a2e900000) (1024K)]
  0x000002263d8751a0 JavaThread "build event listener"              [_thread_blocked, id=9084, stack(0x0000007a2ea00000,0x0000007a2eb00000) (1024K)]
  0x000002263d875ec0 JavaThread "Memory manager"                    [_thread_blocked, id=24684, stack(0x0000007a2e900000,0x0000007a2ea00000) (1024K)]
  0x000002263ea3cf00 JavaThread "C2 CompilerThread2"         daemon [_thread_blocked, id=9432, stack(0x0000007a2eb00000,0x0000007a2ec00000) (1024K)]
  0x0000022647332940 JavaThread "Unconstrained build operations Thread 87"        [_thread_blocked, id=16660, stack(0x0000007a2ec00000,0x0000007a2ed00000) (1024K)]
  0x00000226473350a0 JavaThread "Unconstrained build operations Thread 88"        [_thread_blocked, id=5592, stack(0x0000007a2ed00000,0x0000007a2ee00000) (1024K)]
  0x0000022647334a10 JavaThread "Unconstrained build operations Thread 89"        [_thread_blocked, id=23308, stack(0x0000007a2ee00000,0x0000007a2ef00000) (1024K)]
  0x0000022647337170 JavaThread "Unconstrained build operations Thread 90"        [_thread_blocked, id=7976, stack(0x0000007a2ef00000,0x0000007a2f000000) (1024K)]
  0x0000022647334380 JavaThread "Unconstrained build operations Thread 91"        [_thread_blocked, id=26204, stack(0x0000007a2f000000,0x0000007a2f100000) (1024K)]
  0x0000022647336450 JavaThread "Unconstrained build operations Thread 92"        [_thread_blocked, id=27240, stack(0x0000007a2f100000,0x0000007a2f200000) (1024K)]
  0x0000022647333cf0 JavaThread "Unconstrained build operations Thread 93"        [_thread_blocked, id=27276, stack(0x0000007a2f200000,0x0000007a2f300000) (1024K)]
  0x0000022647336ae0 JavaThread "Unconstrained build operations Thread 94"        [_thread_blocked, id=26188, stack(0x0000007a2f300000,0x0000007a2f400000) (1024K)]
  0x0000022647337800 JavaThread "Unconstrained build operations Thread 95"        [_thread_blocked, id=11672, stack(0x0000007a2f400000,0x0000007a2f500000) (1024K)]
  0x0000022647337e90 JavaThread "Unconstrained build operations Thread 96"        [_thread_blocked, id=5052, stack(0x0000007a2f500000,0x0000007a2f600000) (1024K)]
  0x0000022647338bb0 JavaThread "Unconstrained build operations Thread 97"        [_thread_blocked, id=28768, stack(0x0000007a2f600000,0x0000007a2f700000) (1024K)]
  0x0000022647338520 JavaThread "Unconstrained build operations Thread 98"        [_thread_blocked, id=23128, stack(0x0000007a2f700000,0x0000007a2f800000) (1024K)]
  0x0000022647335730 JavaThread "Unconstrained build operations Thread 99"        [_thread_blocked, id=12432, stack(0x0000007a2f800000,0x0000007a2f900000) (1024K)]
  0x0000022647335dc0 JavaThread "Unconstrained build operations Thread 100"        [_thread_blocked, id=28188, stack(0x0000007a2f900000,0x0000007a2fa00000) (1024K)]
  0x000002264733c030 JavaThread "Unconstrained build operations Thread 101"        [_thread_blocked, id=14760, stack(0x0000007a2fa00000,0x0000007a2fb00000) (1024K)]
  0x000002264733a5f0 JavaThread "Unconstrained build operations Thread 102"        [_thread_blocked, id=22480, stack(0x0000007a2fb00000,0x0000007a2fc00000) (1024K)]
  0x000002264733b9a0 JavaThread "Unconstrained build operations Thread 103"        [_thread_blocked, id=17192, stack(0x0000007a2fc00000,0x0000007a2fd00000) (1024K)]
  0x00000226473398d0 JavaThread "Unconstrained build operations Thread 104"        [_thread_blocked, id=30592, stack(0x0000007a2fd00000,0x0000007a2fe00000) (1024K)]
  0x0000022647339f60 JavaThread "Unconstrained build operations Thread 105"        [_thread_blocked, id=9244, stack(0x0000007a2fe00000,0x0000007a2ff00000) (1024K)]
Total: 158

Other Threads:
=>0x000002263b0228e0 VMThread "VM Thread"                           [id=17568, stack(0x0000007a25600000,0x0000007a25700000) (1024K)]
  0x0000022636b80dd0 WatcherThread "VM Periodic Task Thread"        [id=15276, stack(0x0000007a25500000,0x0000007a25600000) (1024K)]
  0x000002261c90b300 WorkerThread "GC Thread#0"                     [id=28980, stack(0x0000007a25000000,0x0000007a25100000) (1024K)]
  0x000002263b51f190 WorkerThread "GC Thread#1"                     [id=9864, stack(0x0000007a26300000,0x0000007a26400000) (1024K)]
  0x000002263b51f530 WorkerThread "GC Thread#2"                     [id=9440, stack(0x0000007a26400000,0x0000007a26500000) (1024K)]
  0x000002263b3f7570 WorkerThread "GC Thread#3"                     [id=17028, stack(0x0000007a26500000,0x0000007a26600000) (1024K)]
  0x000002263b3f7910 WorkerThread "GC Thread#4"                     [id=24244, stack(0x0000007a26600000,0x0000007a26700000) (1024K)]
  0x000002263b7f1a00 WorkerThread "GC Thread#5"                     [id=17604, stack(0x0000007a26700000,0x0000007a26800000) (1024K)]
  0x000002263c23e470 WorkerThread "GC Thread#6"                     [id=29896, stack(0x0000007a26a00000,0x0000007a26b00000) (1024K)]
  0x000002263d0611c0 WorkerThread "GC Thread#7"                     [id=27292, stack(0x0000007a26b00000,0x0000007a26c00000) (1024K)]
  0x000002263cf00610 WorkerThread "GC Thread#8"                     [id=23704, stack(0x0000007a26c00000,0x0000007a26d00000) (1024K)]
  0x000002263cf009b0 WorkerThread "GC Thread#9"                     [id=13060, stack(0x0000007a26d00000,0x0000007a26e00000) (1024K)]
  0x000002261a58dfe0 ConcurrentGCThread "G1 Main Marker"            [id=29420, stack(0x0000007a25100000,0x0000007a25200000) (1024K)]
  0x000002261a58eae0 WorkerThread "G1 Conc#0"                       [id=28796, stack(0x0000007a25200000,0x0000007a25300000) (1024K)]
  0x000002263cf01490 WorkerThread "G1 Conc#1"                       [id=24492, stack(0x0000007a27600000,0x0000007a27700000) (1024K)]
  0x000002263cf010f0 WorkerThread "G1 Conc#2"                       [id=28344, stack(0x0000007a27700000,0x0000007a27800000) (1024K)]
  0x000002261c95ea40 ConcurrentGCThread "G1 Refine#0"               [id=6284, stack(0x0000007a25300000,0x0000007a25400000) (1024K)]
  0x0000022636a51ad0 ConcurrentGCThread "G1 Service"                [id=23500, stack(0x0000007a25400000,0x0000007a25500000) (1024K)]
Total: 18

Threads with active compile tasks:
C1 CompilerThread0  18193 11431       3       org.gradle.internal.snapshot.SingletonChildMap::access$100 (7 bytes)
C2 CompilerThread1  18193 11416       4       org.gradle.tooling.internal.provider.runner.ClientBuildEventGenerator::started (168 bytes)
Total: 2

VM state: at safepoint (normal execution)

VM Mutex/Monitor currently owned by a thread:  ([mutex/lock_event])
[0x00007ffd61f0e3a0] Threads_lock - owner thread: 0x000002263b0228e0
[0x00007ffd61f0e4a0] Heap_lock - owner thread: 0x000002263ce48b00

Heap address: 0x0000000700000000, size: 4096 MB, Compressed Oops mode: Zero based, Oop shift amount: 3

CDS archive(s) not mapped
Compressed class space mapped at: 0x0000000800000000-0x0000000834000000, reserved size: 872415232
Narrow klass base: 0x0000000800000000, Narrow klass shift: 0, Narrow klass range: 0x34000000

GC Precious Log:
 CardTable entry size: 512
 Card Set container configuration: InlinePtr #cards 4 size 8 Array Of Cards #cards 16 size 48 Howl #buckets 8 coarsen threshold 3686 Howl Bitmap #cards 512 size 80 coarsen threshold 460 Card regions per heap region 1 cards per card region 4096
 CPUs: 12 total, 12 available
 Memory: 16237M
 Large Page Support: Disabled
 NUMA Support: Disabled
 Compressed Oops: Enabled (Zero based)
 Heap Region Size: 2M
 Heap Min Capacity: 8M
 Heap Initial Capacity: 254M
 Heap Max Capacity: 4G
 Pre-touch: Disabled
 Parallel Workers: 10
 Concurrent Workers: 3
 Concurrent Refinement Workers: 10
 Periodic GC: Disabled

Heap:
 garbage-first heap   total 266240K, used 140735K [0x0000000700000000, 0x0000000800000000)
  region size 2048K, 4 young (8192K), 4 survivors (8192K)
 Metaspace       used 94245K, committed 96448K, reserved 983040K
  class space    used 12891K, committed 13952K, reserved 851968K

Heap Regions: E=young(eden), S=young(survivor), O=old, HS=humongous(starts), HC=humongous(continues), CS=collection set, F=free, TAMS=top-at-mark-start, PB=parsable bottom
|   0|0x0000000700000000, 0x0000000700200000, 0x0000000700200000|100%|HS|  |TAMS 0x0000000700000000| PB 0x0000000700000000| Complete 
|   1|0x0000000700200000, 0x0000000700400000, 0x0000000700400000|100%|HC|  |TAMS 0x0000000700200000| PB 0x0000000700200000| Complete 
|   2|0x0000000700400000, 0x0000000700600000, 0x0000000700600000|100%| O|  |TAMS 0x0000000700400000| PB 0x0000000700400000| Untracked 
|   3|0x0000000700600000, 0x0000000700800000, 0x0000000700800000|100%| O|  |TAMS 0x0000000700600000| PB 0x0000000700600000| Untracked 
|   4|0x0000000700800000, 0x0000000700a00000, 0x0000000700a00000|100%| O|  |TAMS 0x0000000700800000| PB 0x0000000700800000| Untracked 
|   5|0x0000000700a00000, 0x0000000700c00000, 0x0000000700c00000|100%| O|  |TAMS 0x0000000700a00000| PB 0x0000000700a00000| Untracked 
|   6|0x0000000700c00000, 0x0000000700e00000, 0x0000000700e00000|100%| O|  |TAMS 0x0000000700c00000| PB 0x0000000700c00000| Untracked 
|   7|0x0000000700e00000, 0x0000000701000000, 0x0000000701000000|100%| O|  |TAMS 0x0000000700e00000| PB 0x0000000700e00000| Untracked 
|   8|0x0000000701000000, 0x0000000701200000, 0x0000000701200000|100%| O|  |TAMS 0x0000000701000000| PB 0x0000000701000000| Untracked 
|   9|0x0000000701200000, 0x0000000701400000, 0x0000000701400000|100%| O|  |TAMS 0x0000000701200000| PB 0x0000000701200000| Untracked 
|  10|0x0000000701400000, 0x0000000701600000, 0x0000000701600000|100%| O|  |TAMS 0x0000000701400000| PB 0x0000000701400000| Untracked 
|  11|0x0000000701600000, 0x0000000701800000, 0x0000000701800000|100%|HS|  |TAMS 0x0000000701600000| PB 0x0000000701600000| Complete 
|  12|0x0000000701800000, 0x0000000701a00000, 0x0000000701a00000|100%|HC|  |TAMS 0x0000000701800000| PB 0x0000000701800000| Complete 
|  13|0x0000000701a00000, 0x0000000701c00000, 0x0000000701c00000|100%|HC|  |TAMS 0x0000000701a00000| PB 0x0000000701a00000| Complete 
|  14|0x0000000701c00000, 0x0000000701e00000, 0x0000000701e00000|100%|HS|  |TAMS 0x0000000701c00000| PB 0x0000000701c00000| Complete 
|  15|0x0000000701e00000, 0x0000000702000000, 0x0000000702000000|100%|HC|  |TAMS 0x0000000701e00000| PB 0x0000000701e00000| Complete 
|  16|0x0000000702000000, 0x0000000702200000, 0x0000000702200000|100%|HS|  |TAMS 0x0000000702000000| PB 0x0000000702000000| Complete 
|  17|0x0000000702200000, 0x0000000702400000, 0x0000000702400000|100%|HS|  |TAMS 0x0000000702200000| PB 0x0000000702200000| Complete 
|  18|0x0000000702400000, 0x0000000702600000, 0x0000000702600000|100%|HC|  |TAMS 0x0000000702400000| PB 0x0000000702400000| Complete 
|  19|0x0000000702600000, 0x0000000702800000, 0x0000000702800000|100%|HC|  |TAMS 0x0000000702600000| PB 0x0000000702600000| Complete 
|  20|0x0000000702800000, 0x0000000702a00000, 0x0000000702a00000|100%|HS|  |TAMS 0x0000000702800000| PB 0x0000000702800000| Complete 
|  21|0x0000000702a00000, 0x0000000702c00000, 0x0000000702c00000|100%|HC|  |TAMS 0x0000000702a00000| PB 0x0000000702a00000| Complete 
|  22|0x0000000702c00000, 0x0000000702e00000, 0x0000000702e00000|100%|HS|  |TAMS 0x0000000702c00000| PB 0x0000000702c00000| Complete 
|  23|0x0000000702e00000, 0x0000000703000000, 0x0000000703000000|100%| O|  |TAMS 0x0000000702e00000| PB 0x0000000702e00000| Untracked 
|  24|0x0000000703000000, 0x0000000703200000, 0x0000000703200000|100%| O|  |TAMS 0x0000000703000000| PB 0x0000000703000000| Untracked 
|  25|0x0000000703200000, 0x0000000703400000, 0x0000000703400000|100%| O|  |TAMS 0x0000000703200000| PB 0x0000000703200000| Untracked 
|  26|0x0000000703400000, 0x0000000703600000, 0x0000000703600000|100%| O|  |TAMS 0x0000000703400000| PB 0x0000000703400000| Untracked 
|  27|0x0000000703600000, 0x0000000703800000, 0x0000000703800000|100%| O|  |TAMS 0x0000000703600000| PB 0x0000000703600000| Untracked 
|  28|0x0000000703800000, 0x0000000703a00000, 0x0000000703a00000|100%|HS|  |TAMS 0x0000000703800000| PB 0x0000000703800000| Complete 
|  29|0x0000000703a00000, 0x0000000703c00000, 0x0000000703c00000|100%| O|  |TAMS 0x0000000703a00000| PB 0x0000000703a00000| Untracked 
|  30|0x0000000703c00000, 0x0000000703e00000, 0x0000000703e00000|100%| O|  |TAMS 0x0000000703c00000| PB 0x0000000703c00000| Untracked 
|  31|0x0000000703e00000, 0x0000000704000000, 0x0000000704000000|100%| O|  |TAMS 0x0000000703e00000| PB 0x0000000703e00000| Untracked 
|  32|0x0000000704000000, 0x0000000704200000, 0x0000000704200000|100%| O|  |TAMS 0x0000000704000000| PB 0x0000000704000000| Untracked 
|  33|0x0000000704200000, 0x0000000704400000, 0x0000000704400000|100%| O|  |TAMS 0x0000000704200000| PB 0x0000000704200000| Untracked 
|  34|0x0000000704400000, 0x0000000704600000, 0x0000000704600000|100%|HS|  |TAMS 0x0000000704400000| PB 0x0000000704400000| Complete 
|  35|0x0000000704600000, 0x0000000704800000, 0x0000000704800000|100%|HC|  |TAMS 0x0000000704600000| PB 0x0000000704600000| Complete 
|  36|0x0000000704800000, 0x0000000704a00000, 0x0000000704a00000|100%|HC|  |TAMS 0x0000000704800000| PB 0x0000000704800000| Complete 
|  37|0x0000000704a00000, 0x0000000704c00000, 0x0000000704c00000|100%| O|  |TAMS 0x0000000704a00000| PB 0x0000000704a00000| Untracked 
|  38|0x0000000704c00000, 0x0000000704e00000, 0x0000000704e00000|100%| O|  |TAMS 0x0000000704c00000| PB 0x0000000704c00000| Untracked 
|  39|0x0000000704e00000, 0x0000000705000000, 0x0000000705000000|100%| O|  |TAMS 0x0000000704e00000| PB 0x0000000704e00000| Untracked 
|  40|0x0000000705000000, 0x0000000705200000, 0x0000000705200000|100%| O|  |TAMS 0x0000000705000000| PB 0x0000000705000000| Untracked 
|  41|0x0000000705200000, 0x0000000705400000, 0x0000000705400000|100%| O|  |TAMS 0x0000000705200000| PB 0x0000000705200000| Untracked 
|  42|0x0000000705400000, 0x0000000705600000, 0x0000000705600000|100%|HS|  |TAMS 0x0000000705400000| PB 0x0000000705400000| Complete 
|  43|0x0000000705600000, 0x0000000705800000, 0x0000000705800000|100%|HC|  |TAMS 0x0000000705600000| PB 0x0000000705600000| Complete 
|  44|0x0000000705800000, 0x0000000705a00000, 0x0000000705a00000|100%|HC|  |TAMS 0x0000000705800000| PB 0x0000000705800000| Complete 
|  45|0x0000000705a00000, 0x0000000705c00000, 0x0000000705c00000|100%| O|  |TAMS 0x0000000705a00000| PB 0x0000000705a00000| Untracked 
|  46|0x0000000705c00000, 0x0000000705e00000, 0x0000000705e00000|100%| O|  |TAMS 0x0000000705c00000| PB 0x0000000705c00000| Untracked 
|  47|0x0000000705e00000, 0x0000000706000000, 0x0000000706000000|100%| O|  |TAMS 0x0000000705e00000| PB 0x0000000705e00000| Untracked 
|  48|0x0000000706000000, 0x0000000706200000, 0x0000000706200000|100%| O|  |TAMS 0x0000000706000000| PB 0x0000000706000000| Untracked 
|  49|0x0000000706200000, 0x0000000706400000, 0x0000000706400000|100%| O|  |TAMS 0x0000000706200000| PB 0x0000000706200000| Untracked 
|  50|0x0000000706400000, 0x0000000706600000, 0x0000000706600000|100%| O|  |TAMS 0x0000000706400000| PB 0x0000000706400000| Untracked 
|  51|0x0000000706600000, 0x0000000706800000, 0x0000000706800000|100%| O|  |TAMS 0x0000000706600000| PB 0x0000000706600000| Untracked 
|  52|0x0000000706800000, 0x0000000706a00000, 0x0000000706a00000|100%| O|  |TAMS 0x0000000706800000| PB 0x0000000706800000| Untracked 
|  53|0x0000000706a00000, 0x0000000706c00000, 0x0000000706c00000|100%|HS|  |TAMS 0x0000000706a00000| PB 0x0000000706a00000| Complete 
|  54|0x0000000706c00000, 0x0000000706e00000, 0x0000000706e00000|100%|HS|  |TAMS 0x0000000706c00000| PB 0x0000000706c00000| Complete 
|  55|0x0000000706e00000, 0x0000000707000000, 0x0000000707000000|100%|HC|  |TAMS 0x0000000706e00000| PB 0x0000000706e00000| Complete 
|  56|0x0000000707000000, 0x0000000707200000, 0x0000000707200000|100%|HS|  |TAMS 0x0000000707000000| PB 0x0000000707000000| Complete 
|  57|0x0000000707200000, 0x0000000707400000, 0x0000000707400000|100%|HS|  |TAMS 0x0000000707200000| PB 0x0000000707200000| Complete 
|  58|0x0000000707400000, 0x0000000707600000, 0x0000000707600000|100%|HC|  |TAMS 0x0000000707400000| PB 0x0000000707400000| Complete 
|  59|0x0000000707600000, 0x0000000707800000, 0x0000000707800000|100%| O|Cm|TAMS 0x0000000707600000| PB 0x0000000707600000| Complete 
|  60|0x0000000707800000, 0x0000000707a00000, 0x0000000707a00000|100%| O|Cm|TAMS 0x0000000707800000| PB 0x0000000707800000| Complete 
|  61|0x0000000707a00000, 0x0000000707c00000, 0x0000000707c00000|100%| O|  |TAMS 0x0000000707a00000| PB 0x0000000707a00000| Untracked 
|  62|0x0000000707c00000, 0x0000000707dc99d0, 0x0000000707e00000| 89%| O|  |TAMS 0x0000000707c00000| PB 0x0000000707c00000| Untracked 
|  63|0x0000000707e00000, 0x0000000707e00000, 0x0000000708000000|  0%| F|  |TAMS 0x0000000707e00000| PB 0x0000000707e00000| Untracked 
|  64|0x0000000708000000, 0x0000000708000000, 0x0000000708200000|  0%| F|  |TAMS 0x0000000708000000| PB 0x0000000708000000| Untracked 
|  65|0x0000000708200000, 0x0000000708200000, 0x0000000708400000|  0%| F|  |TAMS 0x0000000708200000| PB 0x0000000708200000| Untracked 
|  66|0x0000000708400000, 0x0000000708400000, 0x0000000708600000|  0%| F|  |TAMS 0x0000000708400000| PB 0x0000000708400000| Untracked 
|  67|0x0000000708600000, 0x0000000708600000, 0x0000000708800000|  0%| F|  |TAMS 0x0000000708600000| PB 0x0000000708600000| Untracked 
|  68|0x0000000708800000, 0x0000000708800000, 0x0000000708a00000|  0%| F|  |TAMS 0x0000000708800000| PB 0x0000000708800000| Untracked 
|  69|0x0000000708a00000, 0x0000000708a00000, 0x0000000708c00000|  0%| F|  |TAMS 0x0000000708a00000| PB 0x0000000708a00000| Untracked 
|  70|0x0000000708c00000, 0x0000000708c00000, 0x0000000708e00000|  0%| F|  |TAMS 0x0000000708c00000| PB 0x0000000708c00000| Untracked 
|  71|0x0000000708e00000, 0x0000000708e00000, 0x0000000709000000|  0%| F|  |TAMS 0x0000000708e00000| PB 0x0000000708e00000| Untracked 
|  72|0x0000000709000000, 0x0000000709000000, 0x0000000709200000|  0%| F|  |TAMS 0x0000000709000000| PB 0x0000000709000000| Untracked 
|  73|0x0000000709200000, 0x0000000709200000, 0x0000000709400000|  0%| F|  |TAMS 0x0000000709200000| PB 0x0000000709200000| Untracked 
|  74|0x0000000709400000, 0x0000000709400000, 0x0000000709600000|  0%| F|  |TAMS 0x0000000709400000| PB 0x0000000709400000| Untracked 
|  75|0x0000000709600000, 0x0000000709600000, 0x0000000709800000|  0%| F|  |TAMS 0x0000000709600000| PB 0x0000000709600000| Untracked 
|  76|0x0000000709800000, 0x0000000709800000, 0x0000000709a00000|  0%| F|  |TAMS 0x0000000709800000| PB 0x0000000709800000| Untracked 
|  77|0x0000000709a00000, 0x0000000709a00000, 0x0000000709c00000|  0%| F|  |TAMS 0x0000000709a00000| PB 0x0000000709a00000| Untracked 
|  78|0x0000000709c00000, 0x0000000709c00000, 0x0000000709e00000|  0%| F|  |TAMS 0x0000000709c00000| PB 0x0000000709c00000| Untracked 
|  79|0x0000000709e00000, 0x0000000709e00000, 0x000000070a000000|  0%| F|  |TAMS 0x0000000709e00000| PB 0x0000000709e00000| Untracked 
|  80|0x000000070a000000, 0x000000070a000000, 0x000000070a200000|  0%| F|  |TAMS 0x000000070a000000| PB 0x000000070a000000| Untracked 
|  81|0x000000070a200000, 0x000000070a200000, 0x000000070a400000|  0%| F|  |TAMS 0x000000070a200000| PB 0x000000070a200000| Untracked 
|  82|0x000000070a400000, 0x000000070a400000, 0x000000070a600000|  0%| F|  |TAMS 0x000000070a400000| PB 0x000000070a400000| Untracked 
|  83|0x000000070a600000, 0x000000070a600000, 0x000000070a800000|  0%| F|  |TAMS 0x000000070a600000| PB 0x000000070a600000| Untracked 
|  84|0x000000070a800000, 0x000000070a800000, 0x000000070aa00000|  0%| F|  |TAMS 0x000000070a800000| PB 0x000000070a800000| Untracked 
|  85|0x000000070aa00000, 0x000000070aa00000, 0x000000070ac00000|  0%| F|  |TAMS 0x000000070aa00000| PB 0x000000070aa00000| Untracked 
|  86|0x000000070ac00000, 0x000000070ac00000, 0x000000070ae00000|  0%| F|  |TAMS 0x000000070ac00000| PB 0x000000070ac00000| Untracked 
|  87|0x000000070ae00000, 0x000000070afa64e0, 0x000000070b000000| 82%| S|CS|TAMS 0x000000070ae00000| PB 0x000000070ae00000| Complete 
|  88|0x000000070b000000, 0x000000070b200000, 0x000000070b200000|100%| S|CS|TAMS 0x000000070b000000| PB 0x000000070b000000| Complete 
|  89|0x000000070b200000, 0x000000070b400000, 0x000000070b400000|100%| S|CS|TAMS 0x000000070b200000| PB 0x000000070b200000| Complete 
|  90|0x000000070b400000, 0x000000070b600000, 0x000000070b600000|100%| S|CS|TAMS 0x000000070b400000| PB 0x000000070b400000| Complete 
|  91|0x000000070b600000, 0x000000070b600000, 0x000000070b800000|  0%| F|  |TAMS 0x000000070b600000| PB 0x000000070b600000| Untracked 
|  92|0x000000070b800000, 0x000000070b800000, 0x000000070ba00000|  0%| F|  |TAMS 0x000000070b800000| PB 0x000000070b800000| Untracked 
|  93|0x000000070ba00000, 0x000000070ba00000, 0x000000070bc00000|  0%| F|  |TAMS 0x000000070ba00000| PB 0x000000070ba00000| Untracked 
|  94|0x000000070bc00000, 0x000000070bc00000, 0x000000070be00000|  0%| F|  |TAMS 0x000000070bc00000| PB 0x000000070bc00000| Untracked 
|  95|0x000000070be00000, 0x000000070be00000, 0x000000070c000000|  0%| F|  |TAMS 0x000000070be00000| PB 0x000000070be00000| Untracked 
|  96|0x000000070c000000, 0x000000070c000000, 0x000000070c200000|  0%| F|  |TAMS 0x000000070c000000| PB 0x000000070c000000| Untracked 
|  97|0x000000070c200000, 0x000000070c200000, 0x000000070c400000|  0%| F|  |TAMS 0x000000070c200000| PB 0x000000070c200000| Untracked 
|  98|0x000000070c400000, 0x000000070c400000, 0x000000070c600000|  0%| F|  |TAMS 0x000000070c400000| PB 0x000000070c400000| Untracked 
|  99|0x000000070c600000, 0x000000070c600000, 0x000000070c800000|  0%| F|  |TAMS 0x000000070c600000| PB 0x000000070c600000| Untracked 
| 100|0x000000070c800000, 0x000000070c800000, 0x000000070ca00000|  0%| F|  |TAMS 0x000000070c800000| PB 0x000000070c800000| Untracked 
| 101|0x000000070ca00000, 0x000000070ca00000, 0x000000070cc00000|  0%| F|  |TAMS 0x000000070ca00000| PB 0x000000070ca00000| Untracked 
| 102|0x000000070cc00000, 0x000000070cc00000, 0x000000070ce00000|  0%| F|  |TAMS 0x000000070cc00000| PB 0x000000070cc00000| Untracked 
| 103|0x000000070ce00000, 0x000000070ce00000, 0x000000070d000000|  0%| F|  |TAMS 0x000000070ce00000| PB 0x000000070ce00000| Untracked 
| 104|0x000000070d000000, 0x000000070d000000, 0x000000070d200000|  0%| F|  |TAMS 0x000000070d000000| PB 0x000000070d000000| Untracked 
| 105|0x000000070d200000, 0x000000070d200000, 0x000000070d400000|  0%| F|  |TAMS 0x000000070d200000| PB 0x000000070d200000| Untracked 
| 106|0x000000070d400000, 0x000000070d400000, 0x000000070d600000|  0%| F|  |TAMS 0x000000070d400000| PB 0x000000070d400000| Untracked 
| 107|0x000000070d600000, 0x000000070d600000, 0x000000070d800000|  0%| F|  |TAMS 0x000000070d600000| PB 0x000000070d600000| Untracked 
| 108|0x000000070d800000, 0x000000070d800000, 0x000000070da00000|  0%| F|  |TAMS 0x000000070d800000| PB 0x000000070d800000| Untracked 
| 109|0x000000070da00000, 0x000000070da00000, 0x000000070dc00000|  0%| F|  |TAMS 0x000000070da00000| PB 0x000000070da00000| Untracked 
| 110|0x000000070dc00000, 0x000000070dc00000, 0x000000070de00000|  0%| F|  |TAMS 0x000000070dc00000| PB 0x000000070dc00000| Untracked 
| 111|0x000000070de00000, 0x000000070de00000, 0x000000070e000000|  0%| F|  |TAMS 0x000000070de00000| PB 0x000000070de00000| Untracked 
| 112|0x000000070e000000, 0x000000070e000000, 0x000000070e200000|  0%| F|  |TAMS 0x000000070e000000| PB 0x000000070e000000| Untracked 
| 113|0x000000070e200000, 0x000000070e200000, 0x000000070e400000|  0%| F|  |TAMS 0x000000070e200000| PB 0x000000070e200000| Untracked 
| 114|0x000000070e400000, 0x000000070e400000, 0x000000070e600000|  0%| F|  |TAMS 0x000000070e400000| PB 0x000000070e400000| Untracked 
| 115|0x000000070e600000, 0x000000070e600000, 0x000000070e800000|  0%| F|  |TAMS 0x000000070e600000| PB 0x000000070e600000| Untracked 
| 116|0x000000070e800000, 0x000000070e800000, 0x000000070ea00000|  0%| F|  |TAMS 0x000000070e800000| PB 0x000000070e800000| Untracked 
| 117|0x000000070ea00000, 0x000000070ea00000, 0x000000070ec00000|  0%| F|  |TAMS 0x000000070ea00000| PB 0x000000070ea00000| Untracked 
| 118|0x000000070ec00000, 0x000000070ec00000, 0x000000070ee00000|  0%| F|  |TAMS 0x000000070ec00000| PB 0x000000070ec00000| Untracked 
| 119|0x000000070ee00000, 0x000000070ee00000, 0x000000070f000000|  0%| F|  |TAMS 0x000000070ee00000| PB 0x000000070ee00000| Untracked 
| 120|0x000000070f000000, 0x000000070f000000, 0x000000070f200000|  0%| F|  |TAMS 0x000000070f000000| PB 0x000000070f000000| Untracked 
| 121|0x000000070f200000, 0x000000070f200000, 0x000000070f400000|  0%| F|  |TAMS 0x000000070f200000| PB 0x000000070f200000| Untracked 
| 122|0x000000070f400000, 0x000000070f400000, 0x000000070f600000|  0%| F|  |TAMS 0x000000070f400000| PB 0x000000070f400000| Untracked 
| 123|0x000000070f600000, 0x000000070f600000, 0x000000070f800000|  0%| F|  |TAMS 0x000000070f600000| PB 0x000000070f600000| Untracked 
| 124|0x000000070f800000, 0x000000070f800000, 0x000000070fa00000|  0%| F|  |TAMS 0x000000070f800000| PB 0x000000070f800000| Untracked 
| 125|0x000000070fa00000, 0x000000070fa00000, 0x000000070fc00000|  0%| F|  |TAMS 0x000000070fa00000| PB 0x000000070fa00000| Untracked 
| 126|0x000000070fc00000, 0x000000070fc00000, 0x000000070fe00000|  0%| F|  |TAMS 0x000000070fc00000| PB 0x000000070fc00000| Untracked 
|2045|0x00000007ffa00000, 0x00000007ffa00000, 0x00000007ffc00000|  0%| F|  |TAMS 0x00000007ffa00000| PB 0x00000007ffa00000| Untracked 
|2046|0x00000007ffc00000, 0x00000007ffe00000, 0x00000007ffe00000|100%| O|  |TAMS 0x00000007ffc00000| PB 0x00000007ffc00000| Untracked 
|2047|0x00000007ffe00000, 0x0000000800000000, 0x0000000800000000|100%| O|  |TAMS 0x00000007ffe00000| PB 0x00000007ffe00000| Untracked 

Card table byte_map: [0x000002262f740000,0x000002262ff40000] _byte_map_base: 0x000002262bf40000

Marking Bits: (CMBitMap*) 0x000002261c90ba00
 Bits: [0x000002262ff40000, 0x0000022633f40000)

Polling page: 0x000002261a6f0000

Metaspace:

Usage:
  Non-class:     79.45 MB used.
      Class:     12.59 MB used.
       Both:     92.04 MB used.

Virtual space:
  Non-class space:      128.00 MB reserved,      80.56 MB ( 63%) committed,  2 nodes.
      Class space:      832.00 MB reserved,      13.62 MB (  2%) committed,  1 nodes.
             Both:      960.00 MB reserved,      94.19 MB ( 10%) committed. 

Chunk freelists:
   Non-Class:  14.97 MB
       Class:  2.26 MB
        Both:  17.23 MB

MaxMetaspaceSize: 1.00 GB
CompressedClassSpaceSize: 832.00 MB
Initial GC threshold: 21.00 MB
Current GC threshold: 155.12 MB
CDS: off
 - commit_granule_bytes: 65536.
 - commit_granule_words: 8192.
 - virtual_space_node_default_size: 8388608.
 - enlarge_chunks_in_place: 1.
 - use_allocation_guard: 0.


Internal statistics:

num_allocs_failed_limit: 6.
num_arena_births: 3944.
num_arena_deaths: 6.
num_vsnodes_births: 3.
num_vsnodes_deaths: 0.
num_space_committed: 1507.
num_space_uncommitted: 0.
num_chunks_returned_to_freelist: 21.
num_chunks_taken_from_freelist: 8066.
num_chunk_merges: 7.
num_chunk_splits: 5186.
num_chunks_enlarged: 3198.
num_inconsistent_stats: 0.

CodeHeap 'non-profiled nmethods': size=120000Kb used=6403Kb max_used=6403Kb free=113596Kb
 bounds [0x00000226274c0000, 0x0000022627b10000, 0x000002262e9f0000]
CodeHeap 'profiled nmethods': size=120000Kb used=18319Kb max_used=18319Kb free=101680Kb
 bounds [0x000002261f9f0000, 0x0000022620be0000, 0x0000022626f20000]
CodeHeap 'non-nmethods': size=5760Kb used=2824Kb max_used=2882Kb free=2935Kb
 bounds [0x0000022626f20000, 0x0000022627200000, 0x00000226274c0000]
 total_blobs=10699 nmethods=9751 adapters=852
 compilation: enabled
              stopped_count=0, restarted_count=0
 full_count=0

Compilation events (20 events):
Event: 15.834 Thread 0x000002263ea3cf00 nmethod 11395 0x0000022627afd890 code [0x0000022627afdae0, 0x0000022627afe450]
Event: 15.834 Thread 0x000002263ea3cf00 11423       4       java.util.stream.ReferencePipeline::map (26 bytes)
Event: 15.835 Thread 0x000002263b0b3200 11424       3       com.google.common.collect.ImmutableList::toImmutableList (4 bytes)
Event: 15.835 Thread 0x000002263b0b3200 nmethod 11424 0x0000022620bd2b90 code [0x0000022620bd2d40, 0x0000022620bd2e90]
Event: 15.835 Thread 0x000002263b0b3200 11425       3       com.google.common.collect.CollectCollectors::toImmutableList (4 bytes)
Event: 15.836 Thread 0x000002263b0b3200 nmethod 11425 0x0000022620270f90 code [0x0000022620271120, 0x0000022620271218]
Event: 15.836 Thread 0x000002263b0b3200 11427       3       java.util.RegularEnumSet$EnumSetIterator::<init> (23 bytes)
Event: 15.836 Thread 0x000002263b0b3200 nmethod 11427 0x0000022620bd2f90 code [0x0000022620bd3140, 0x0000022620bd3328]
Event: 15.836 Thread 0x000002263b0b3200 11426       1       org.gradle.internal.operations.DefaultBuildOperationQueue::access$500 (5 bytes)
Event: 15.836 Thread 0x000002263b0b3200 nmethod 11426 0x0000022627afec10 code [0x0000022627afeda0, 0x0000022627afee50]
Event: 15.836 Thread 0x000002263b0b0a00 nmethod 11407 0x0000022627afef10 code [0x0000022627aff180, 0x0000022627affcf0]
Event: 15.837 Thread 0x000002263ea3cf00 nmethod 11423 0x0000022627b00610 code [0x0000022627b007c0, 0x0000022627b00c00]
Event: 15.837 Thread 0x000002263b0b3200 11428       3       java.util.LinkedList::pollFirst (19 bytes)
Event: 15.837 Thread 0x000002263b0b3200 nmethod 11428 0x0000022620bd3410 code [0x0000022620bd35c0, 0x0000022620bd3760]
Event: 15.837 Thread 0x000002263b0b3200 11429       3       org.gradle.api.internal.artifacts.transform.DefaultTransformUpstreamDependenciesResolver$2::finalizeIfNotAlready (1 bytes)
Event: 15.837 Thread 0x000002263b0b3200 nmethod 11429 0x0000022620286f90 code [0x0000022620287120, 0x0000022620287228]
Event: 15.838 Thread 0x000002263b0b3200 11430       3       java.util.RegularEnumSet::iterator (9 bytes)
Event: 15.838 Thread 0x000002263b0b3200 nmethod 11430 0x0000022620bd3810 code [0x0000022620bd39c0, 0x0000022620bd3c58]
Event: 15.838 Thread 0x000002263b0b3200 11431       3       org.gradle.internal.snapshot.SingletonChildMap::access$100 (7 bytes)
Event: 15.838 Thread 0x000002263b0b3200 nmethod 11431 0x0000022620bd3d90 code [0x0000022620bd3f40, 0x0000022620bd4060]

GC Heap History (20 events):
Event: 9.120 GC heap after
{Heap after GC invocations=24 (full 0):
 garbage-first heap   total 163840K, used 95155K [0x0000000700000000, 0x0000000800000000)
  region size 2048K, 2 young (4096K), 2 survivors (4096K)
 Metaspace       used 64322K, committed 65920K, reserved 917504K
  class space    used 8741K, committed 9536K, reserved 851968K
}
Event: 10.159 GC heap before
{Heap before GC invocations=25 (full 0):
 garbage-first heap   total 174080K, used 150451K [0x0000000700000000, 0x0000000800000000)
  region size 2048K, 27 young (55296K), 2 survivors (4096K)
 Metaspace       used 67402K, committed 69056K, reserved 917504K
  class space    used 9044K, committed 9856K, reserved 851968K
}
Event: 10.163 GC heap after
{Heap after GC invocations=26 (full 0):
 garbage-first heap   total 174080K, used 105621K [0x0000000700000000, 0x0000000800000000)
  region size 2048K, 4 young (8192K), 4 survivors (8192K)
 Metaspace       used 67402K, committed 69056K, reserved 917504K
  class space    used 9044K, committed 9856K, reserved 851968K
}
Event: 10.774 GC heap before
{Heap before GC invocations=26 (full 0):
 garbage-first heap   total 174080K, used 152725K [0x0000000700000000, 0x0000000800000000)
  region size 2048K, 27 young (55296K), 4 survivors (8192K)
 Metaspace       used 69851K, committed 71616K, reserved 917504K
  class space    used 9405K, committed 10240K, reserved 851968K
}
Event: 10.779 GC heap after
{Heap after GC invocations=27 (full 0):
 garbage-first heap   total 174080K, used 107108K [0x0000000700000000, 0x0000000800000000)
  region size 2048K, 4 young (8192K), 4 survivors (8192K)
 Metaspace       used 69851K, committed 71616K, reserved 917504K
  class space    used 9405K, committed 10240K, reserved 851968K
}
Event: 11.147 GC heap before
{Heap before GC invocations=27 (full 0):
 garbage-first heap   total 174080K, used 152164K [0x0000000700000000, 0x0000000800000000)
  region size 2048K, 26 young (53248K), 4 survivors (8192K)
 Metaspace       used 74497K, committed 76288K, reserved 917504K
  class space    used 10026K, committed 10880K, reserved 851968K
}
Event: 11.152 GC heap after
{Heap after GC invocations=28 (full 0):
 garbage-first heap   total 174080K, used 110362K [0x0000000700000000, 0x0000000800000000)
  region size 2048K, 3 young (6144K), 3 survivors (6144K)
 Metaspace       used 74497K, committed 76288K, reserved 917504K
  class space    used 10026K, committed 10880K, reserved 851968K
}
Event: 11.607 GC heap before
{Heap before GC invocations=29 (full 0):
 garbage-first heap   total 188416K, used 153370K [0x0000000700000000, 0x0000000800000000)
  region size 2048K, 24 young (49152K), 3 survivors (6144K)
 Metaspace       used 77262K, committed 79040K, reserved 983040K
  class space    used 10448K, committed 11328K, reserved 851968K
}
Event: 11.610 GC heap after
{Heap after GC invocations=30 (full 0):
 garbage-first heap   total 188416K, used 112699K [0x0000000700000000, 0x0000000800000000)
  region size 2048K, 3 young (6144K), 3 survivors (6144K)
 Metaspace       used 77262K, committed 79040K, reserved 983040K
  class space    used 10448K, committed 11328K, reserved 851968K
}
Event: 12.130 GC heap before
{Heap before GC invocations=30 (full 0):
 garbage-first heap   total 188416K, used 165947K [0x0000000700000000, 0x0000000800000000)
  region size 2048K, 30 young (61440K), 3 survivors (6144K)
 Metaspace       used 80939K, committed 82816K, reserved 983040K
  class space    used 11030K, committed 11904K, reserved 851968K
}
Event: 12.135 GC heap after
{Heap after GC invocations=31 (full 0):
 garbage-first heap   total 188416K, used 114597K [0x0000000700000000, 0x0000000800000000)
  region size 2048K, 4 young (8192K), 4 survivors (8192K)
 Metaspace       used 80939K, committed 82816K, reserved 983040K
  class space    used 11030K, committed 11904K, reserved 851968K
}
Event: 12.259 GC heap before
{Heap before GC invocations=31 (full 0):
 garbage-first heap   total 188416K, used 137125K [0x0000000700000000, 0x0000000800000000)
  region size 2048K, 16 young (32768K), 4 survivors (8192K)
 Metaspace       used 81686K, committed 83584K, reserved 983040K
  class space    used 11116K, committed 12032K, reserved 851968K
}
Event: 12.263 GC heap after
{Heap after GC invocations=32 (full 0):
 garbage-first heap   total 188416K, used 115812K [0x0000000700000000, 0x0000000800000000)
  region size 2048K, 2 young (4096K), 2 survivors (4096K)
 Metaspace       used 81686K, committed 83584K, reserved 983040K
  class space    used 11116K, committed 12032K, reserved 851968K
}
Event: 12.938 GC heap before
{Heap before GC invocations=33 (full 0):
 garbage-first heap   total 204800K, used 179300K [0x0000000700000000, 0x0000000800000000)
  region size 2048K, 30 young (61440K), 2 survivors (4096K)
 Metaspace       used 86444K, committed 88512K, reserved 983040K
  class space    used 11754K, committed 12736K, reserved 851968K
}
Event: 12.941 GC heap after
{Heap after GC invocations=34 (full 0):
 garbage-first heap   total 204800K, used 127293K [0x0000000700000000, 0x0000000800000000)
  region size 2048K, 4 young (8192K), 4 survivors (8192K)
 Metaspace       used 86444K, committed 88512K, reserved 983040K
  class space    used 11754K, committed 12736K, reserved 851968K
}
Event: 14.047 GC heap before
{Heap before GC invocations=34 (full 0):
 garbage-first heap   total 204800K, used 188733K [0x0000000700000000, 0x0000000800000000)
  region size 2048K, 32 young (65536K), 4 survivors (8192K)
 Metaspace       used 91010K, committed 93184K, reserved 983040K
  class space    used 12467K, committed 13504K, reserved 851968K
}
Event: 14.053 GC heap after
{Heap after GC invocations=35 (full 0):
 garbage-first heap   total 204800K, used 132829K [0x0000000700000000, 0x0000000800000000)
  region size 2048K, 4 young (8192K), 4 survivors (8192K)
 Metaspace       used 91010K, committed 93184K, reserved 983040K
  class space    used 12467K, committed 13504K, reserved 851968K
}
Event: 14.878 GC heap before
{Heap before GC invocations=35 (full 0):
 garbage-first heap   total 204800K, used 181981K [0x0000000700000000, 0x0000000800000000)
  region size 2048K, 29 young (59392K), 4 survivors (8192K)
 Metaspace       used 93208K, committed 95296K, reserved 983040K
  class space    used 12797K, committed 13824K, reserved 851968K
}
Event: 14.883 GC heap after
{Heap after GC invocations=36 (full 0):
 garbage-first heap   total 204800K, used 136965K [0x0000000700000000, 0x0000000800000000)
  region size 2048K, 4 young (8192K), 4 survivors (8192K)
 Metaspace       used 93208K, committed 95296K, reserved 983040K
  class space    used 12797K, committed 13824K, reserved 851968K
}
Event: 15.864 GC heap before
{Heap before GC invocations=37 (full 0):
 garbage-first heap   total 233472K, used 177925K [0x0000000700000000, 0x0000000800000000)
  region size 2048K, 25 young (51200K), 4 survivors (8192K)
 Metaspace       used 94245K, committed 96448K, reserved 983040K
  class space    used 12891K, committed 13952K, reserved 851968K
}

Dll operation events (3 events):
Event: 0.012 Loaded shared library C:\Program Files\Android\Android Studio4\jbr\bin\java.dll
Event: 0.016 Loaded shared library C:\Program Files\Android\Android Studio4\jbr\bin\zip.dll
Event: 0.594 Loaded shared library C:\Program Files\Android\Android Studio4\jbr\bin\verify.dll

Deoptimization events (20 events):
Event: 15.829 Thread 0x0000022647338520 Uncommon trap: trap_request=0xffffffbe fr.pc=0x000002262799a624 relative=0x0000000000000c24
Event: 15.829 Thread 0x0000022647338520 Uncommon trap: reason=profile_predicate action=maybe_recompile pc=0x000002262799a624 method=org.gradle.tooling.internal.provider.runner.ClientBuildEventGenerator.started(Lorg/gradle/internal/operations/BuildOperationDescriptor;Lorg/gradle/internal/operati
Event: 15.829 Thread 0x0000022647338520 DEOPT PACKING pc=0x000002262799a624 sp=0x0000007a2f7fe3a0
Event: 15.829 Thread 0x0000022647338520 DEOPT UNPACKING pc=0x0000022626f746a2 sp=0x0000007a2f7fe358 mode 2
Event: 15.829 Thread 0x0000022647338520 Uncommon trap: trap_request=0xfffffff4 fr.pc=0x0000022627aa1ca0 relative=0x0000000000000100
Event: 15.829 Thread 0x0000022647338520 Uncommon trap: reason=null_check action=make_not_entrant pc=0x0000022627aa1ca0 method=org.gradle.tooling.internal.provider.runner.ClientBuildEventGenerator$Disabled.accept(Lorg/gradle/internal/operations/BuildOperationDescriptor;)Lorg/gradle/tooling/inter
Event: 15.829 Thread 0x0000022647338520 DEOPT PACKING pc=0x0000022627aa1ca0 sp=0x0000007a2f7fe350
Event: 15.829 Thread 0x0000022647338520 DEOPT UNPACKING pc=0x0000022626f746a2 sp=0x0000007a2f7fe2e8 mode 2
Event: 15.829 Thread 0x0000022647338520 Uncommon trap: trap_request=0xffffffbe fr.pc=0x000002262799a624 relative=0x0000000000000c24
Event: 15.829 Thread 0x0000022647338520 Uncommon trap: reason=profile_predicate action=maybe_recompile pc=0x000002262799a624 method=org.gradle.tooling.internal.provider.runner.ClientBuildEventGenerator.started(Lorg/gradle/internal/operations/BuildOperationDescriptor;Lorg/gradle/internal/operati
Event: 15.829 Thread 0x0000022647338520 DEOPT PACKING pc=0x000002262799a624 sp=0x0000007a2f7fe3a0
Event: 15.829 Thread 0x0000022647338520 DEOPT UNPACKING pc=0x0000022626f746a2 sp=0x0000007a2f7fe358 mode 2
Event: 15.830 Thread 0x0000022647335730 Uncommon trap: trap_request=0xffffffbe fr.pc=0x000002262799a624 relative=0x0000000000000c24
Event: 15.830 Thread 0x0000022647335730 Uncommon trap: reason=profile_predicate action=maybe_recompile pc=0x000002262799a624 method=org.gradle.tooling.internal.provider.runner.ClientBuildEventGenerator.started(Lorg/gradle/internal/operations/BuildOperationDescriptor;Lorg/gradle/internal/operati
Event: 15.830 Thread 0x0000022647335730 DEOPT PACKING pc=0x000002262799a624 sp=0x0000007a2f8fe690
Event: 15.830 Thread 0x0000022647335730 DEOPT UNPACKING pc=0x0000022626f746a2 sp=0x0000007a2f8fe648 mode 2
Event: 15.830 Thread 0x0000022647335730 Uncommon trap: trap_request=0xffffffbe fr.pc=0x000002262799a624 relative=0x0000000000000c24
Event: 15.830 Thread 0x0000022647335730 Uncommon trap: reason=profile_predicate action=maybe_recompile pc=0x000002262799a624 method=org.gradle.tooling.internal.provider.runner.ClientBuildEventGenerator.started(Lorg/gradle/internal/operations/BuildOperationDescriptor;Lorg/gradle/internal/operati
Event: 15.830 Thread 0x0000022647335730 DEOPT PACKING pc=0x000002262799a624 sp=0x0000007a2f8fe690
Event: 15.830 Thread 0x0000022647335730 DEOPT UNPACKING pc=0x0000022626f746a2 sp=0x0000007a2f8fe648 mode 2

Classes loaded (20 events):
Event: 13.145 Loading class com/sun/org/apache/xerces/internal/utils/XMLSecurityManager
Event: 13.145 Loading class com/sun/org/apache/xerces/internal/utils/XMLSecurityManager done
Event: 13.145 Loading class com/sun/org/apache/xerces/internal/utils/XMLSecurityManager$Limit
Event: 13.145 Loading class com/sun/org/apache/xerces/internal/utils/XMLSecurityManager$Limit done
Event: 13.145 Loading class com/sun/org/apache/xerces/internal/utils/XMLSecurityManager$NameMap
Event: 13.145 Loading class com/sun/org/apache/xerces/internal/utils/XMLSecurityManager$NameMap done
Event: 13.145 Loading class com/sun/org/apache/xerces/internal/utils/XMLSecurityPropertyManager
Event: 13.145 Loading class com/sun/org/apache/xerces/internal/utils/XMLSecurityPropertyManager done
Event: 13.145 Loading class com/sun/org/apache/xerces/internal/utils/XMLSecurityPropertyManager$State
Event: 13.145 Loading class com/sun/org/apache/xerces/internal/utils/XMLSecurityPropertyManager$State done
Event: 13.145 Loading class com/sun/org/apache/xerces/internal/utils/XMLSecurityPropertyManager$Property
Event: 13.145 Loading class com/sun/org/apache/xerces/internal/utils/XMLSecurityPropertyManager$Property done
Event: 13.163 Loading class java/util/regex/Pattern$SliceI
Event: 13.163 Loading class java/util/regex/Pattern$SliceI done
Event: 13.664 Loading class java/lang/Character$UnicodeBlock
Event: 13.666 Loading class java/lang/Character$Subset
Event: 13.666 Loading class java/lang/Character$Subset done
Event: 13.666 Loading class java/lang/Character$UnicodeBlock done
Event: 15.721 Loading class java/lang/AbstractMethodError
Event: 15.721 Loading class java/lang/AbstractMethodError done

Classes unloaded (17 events):
Event: 9.152 Thread 0x000002263b0228e0 Unloading class 0x0000000800920948 '_BuildScript_$_run_closure1$_closure2'
Event: 9.152 Thread 0x000002263b0228e0 Unloading class 0x0000000800920548 '_BuildScript_$_run_closure1'
Event: 9.152 Thread 0x000002263b0228e0 Unloading class 0x0000000800920000 '_BuildScript_'
Event: 11.178 Thread 0x000002263b0228e0 Unloading class 0x0000000800942400 '_BuildScript_$_run_closure1$_closure3'
Event: 11.178 Thread 0x000002263b0228e0 Unloading class 0x0000000800942000 '_BuildScript_$_run_closure1$_closure2'
Event: 11.178 Thread 0x000002263b0228e0 Unloading class 0x0000000800941948 '_BuildScript_$_run_closure1'
Event: 11.178 Thread 0x000002263b0228e0 Unloading class 0x0000000800941400 '_BuildScript_'
Event: 11.178 Thread 0x000002263b0228e0 Unloading class 0x0000000800941000 'JetGradlePlugin$_apply_closure1$_closure2$_closure3'
Event: 11.178 Thread 0x000002263b0228e0 Unloading class 0x0000000800940990 'JetGradlePlugin$_apply_closure1$_closure2'
Event: 11.178 Thread 0x000002263b0228e0 Unloading class 0x0000000800940590 'JetGradlePlugin$_apply_closure1'
Event: 11.178 Thread 0x000002263b0228e0 Unloading class 0x00000008009402e0 'JetGradlePlugin'
Event: 11.178 Thread 0x000002263b0228e0 Unloading class 0x0000000800940000 'RegistryProcessor'
Event: 12.286 Thread 0x000002263b0228e0 Unloading class 0x0000000800971400 '_BuildScript_$_run_closure2'
Event: 12.286 Thread 0x000002263b0228e0 Unloading class 0x0000000800971000 '_BuildScript_$_run_closure1$_closure4'
Event: 12.286 Thread 0x000002263b0228e0 Unloading class 0x0000000800970948 '_BuildScript_$_run_closure1$_closure3'
Event: 12.286 Thread 0x000002263b0228e0 Unloading class 0x0000000800970548 '_BuildScript_$_run_closure1'
Event: 12.286 Thread 0x000002263b0228e0 Unloading class 0x0000000800970000 '_BuildScript_'

Classes redefined (0 events):
No events

Internal exceptions (20 events):
Event: 14.217 Thread 0x000002263ced7d20 Exception <a 'java/lang/ClassNotFoundException'{0x000000070e8f0b00}: org/jetbrains/kotlin/gradle/targets/js/npm/DefaultNpmDependencyExtensionCustomizer> (0x000000070e8f0b00) 
thrown [s\src\hotspot\share\classfile\systemDictionary.cpp, line 312]
Event: 14.229 Thread 0x000002263ced7d20 Exception <a 'java/lang/ClassNotFoundException'{0x000000070e9a05f8}: org/jetbrains/kotlin/gradle/targets/js/npm/NpmDependencyExtensionKt$defaultNpmDependencyDelegate$1BeanInfo> (0x000000070e9a05f8) 
thrown [s\src\hotspot\share\classfile\systemDictionary.cpp, line 312]
Event: 14.230 Thread 0x000002263ced7d20 Exception <a 'java/lang/ClassNotFoundException'{0x000000070e9b66d8}: org/jetbrains/kotlin/gradle/targets/js/npm/NpmDependencyExtensionDelegateBeanInfo> (0x000000070e9b66d8) 
thrown [s\src\hotspot\share\classfile\systemDictionary.cpp, line 312]
Event: 14.230 Thread 0x000002263ced7d20 Exception <a 'java/lang/ClassNotFoundException'{0x000000070e9cc500}: org/jetbrains/kotlin/gradle/targets/js/npm/NpmDependencyExtensionDelegateCustomizer> (0x000000070e9cc500) 
thrown [s\src\hotspot\share\classfile\systemDictionary.cpp, line 312]
Event: 14.231 Thread 0x000002263ced7d20 Exception <a 'java/lang/ClassNotFoundException'{0x000000070b20c1b8}: org/jetbrains/kotlin/gradle/targets/js/npm/NpmDependencyExtensionKt$defaultNpmDependencyDelegate$1Customizer> (0x000000070b20c1b8) 
thrown [s\src\hotspot\share\classfile\systemDictionary.cpp, line 312]
Event: 14.232 Thread 0x000002263ced7d20 Exception <a 'java/lang/ClassNotFoundException'{0x000000070b25b5f8}: org/jetbrains/kotlin/gradle/targets/js/npm/DefaultDevNpmDependencyExtensionBeanInfo> (0x000000070b25b5f8) 
thrown [s\src\hotspot\share\classfile\systemDictionary.cpp, line 312]
Event: 14.233 Thread 0x000002263ced7d20 Exception <a 'java/lang/ClassNotFoundException'{0x000000070b271438}: org/jetbrains/kotlin/gradle/targets/js/npm/DefaultDevNpmDependencyExtensionCustomizer> (0x000000070b271438) 
thrown [s\src\hotspot\share\classfile\systemDictionary.cpp, line 312]
Event: 14.235 Thread 0x000002263ced7d20 Exception <a 'java/lang/ClassNotFoundException'{0x000000070b2ca670}: org/jetbrains/kotlin/gradle/targets/js/npm/DefaultPeerNpmDependencyExtensionBeanInfo> (0x000000070b2ca670) 
thrown [s\src\hotspot\share\classfile\systemDictionary.cpp, line 312]
Event: 14.236 Thread 0x000002263ced7d20 Exception <a 'java/lang/ClassNotFoundException'{0x000000070b2e04c0}: org/jetbrains/kotlin/gradle/targets/js/npm/DefaultPeerNpmDependencyExtensionCustomizer> (0x000000070b2e04c0) 
thrown [s\src\hotspot\share\classfile\systemDictionary.cpp, line 312]
Event: 14.238 Thread 0x000002263ced7d20 Exception <a 'java/lang/ClassNotFoundException'{0x000000070b342540}: org/jetbrains/kotlin/gradle/targets/js/npm/DefaultPeerNpmDependencyExtension$delegate$1BeanInfo> (0x000000070b342540) 
thrown [s\src\hotspot\share\classfile\systemDictionary.cpp, line 312]
Event: 14.238 Thread 0x000002263ced7d20 Exception <a 'java/lang/ClassNotFoundException'{0x000000070b358540}: org/jetbrains/kotlin/gradle/targets/js/npm/DefaultPeerNpmDependencyExtension$delegate$1Customizer> (0x000000070b358540) 
thrown [s\src\hotspot\share\classfile\systemDictionary.cpp, line 312]
Event: 15.726 Thread 0x000002263ce47750 Exception <a 'java/lang/NoSuchMethodError'{0x000000070bfe32f0}: static Lorg/gradle/internal/build/event/types/DefaultOperationFinishedProgressEvent;.<clinit>()V> (0x000000070bfe32f0) 
thrown [s\src\hotspot\share\prims\jni.cpp, line 1139]
Event: 15.726 Thread 0x000002263ce47750 Exception <a 'java/lang/NoSuchMethodError'{0x000000070bc01bf0}: static Lorg/gradle/internal/build/event/types/DefaultSuccessResult;.<clinit>()V> (0x000000070bc01bf0) 
thrown [s\src\hotspot\share\prims\jni.cpp, line 1139]
Event: 15.727 Thread 0x000002263ce47750 Exception <a 'java/lang/NoSuchMethodError'{0x000000070bc02d78}: static Lorg/gradle/internal/build/event/types/AbstractOperationResult;.<clinit>()V> (0x000000070bc02d78) 
thrown [s\src\hotspot\share\prims\jni.cpp, line 1139]
Event: 15.727 Thread 0x000002263ce47750 Exception <a 'java/lang/NoSuchMethodError'{0x000000070bc03f50}: static Lorg/gradle/internal/build/event/types/AbstractResult;.<clinit>()V> (0x000000070bc03f50) 
thrown [s\src\hotspot\share\prims\jni.cpp, line 1139]
Event: 15.829 Thread 0x0000022647338520 Implicit null exception at 0x0000022627999d3b to 0x000002262799a614
Event: 15.829 Thread 0x0000022647338520 Implicit null exception at 0x0000022627aa1bea to 0x0000022627aa1c94
Event: 15.829 Thread 0x0000022647338520 Implicit null exception at 0x0000022627999d3b to 0x000002262799a614
Event: 15.830 Thread 0x0000022647335730 Implicit null exception at 0x0000022627999d3b to 0x000002262799a614
Event: 15.830 Thread 0x0000022647335730 Implicit null exception at 0x0000022627999d3b to 0x000002262799a614

ZGC Phase Switch (0 events):
No events

VM Operations (20 events):
Event: 12.682 Executing VM operation: HandshakeAllThreads (Deoptimize) done
Event: 12.778 Executing VM operation: ICBufferFull
Event: 12.778 Executing VM operation: ICBufferFull done
Event: 12.938 Executing VM operation: G1CollectForAllocation (G1 Evacuation Pause)
Event: 12.941 Executing VM operation: G1CollectForAllocation (G1 Evacuation Pause) done
Event: 13.150 Executing VM operation: HandshakeAllThreads (Deoptimize)
Event: 13.151 Executing VM operation: HandshakeAllThreads (Deoptimize) done
Event: 14.047 Executing VM operation: G1CollectForAllocation (G1 Evacuation Pause)
Event: 14.053 Executing VM operation: G1CollectForAllocation (G1 Evacuation Pause) done
Event: 14.878 Executing VM operation: G1CollectForAllocation (G1 Evacuation Pause)
Event: 14.883 Executing VM operation: G1CollectForAllocation (G1 Evacuation Pause) done
Event: 14.908 Executing VM operation: G1PauseRemark
Event: 14.937 Executing VM operation: G1PauseRemark done
Event: 14.969 Executing VM operation: G1PauseCleanup
Event: 14.969 Executing VM operation: G1PauseCleanup done
Event: 15.460 Executing VM operation: ICBufferFull
Event: 15.460 Executing VM operation: ICBufferFull done
Event: 15.776 Executing VM operation: ICBufferFull
Event: 15.776 Executing VM operation: ICBufferFull done
Event: 15.838 Executing VM operation: G1CollectForAllocation (G1 Evacuation Pause)

Memory protections (0 events):
No events

Nmethod flushes (20 events):
Event: 14.910 Thread 0x000002263b0228e0 flushing  nmethod 0x000002262027aa90
Event: 14.910 Thread 0x000002263b0228e0 flushing  nmethod 0x000002262027b510
Event: 14.910 Thread 0x000002263b0228e0 flushing  nmethod 0x0000022620463090
Event: 14.910 Thread 0x000002263b0228e0 flushing  nmethod 0x000002262071fe10
Event: 14.910 Thread 0x000002263b0228e0 flushing  nmethod 0x00000226207f4590
Event: 14.910 Thread 0x000002263b0228e0 flushing  nmethod 0x0000022627633790
Event: 14.910 Thread 0x000002263b0228e0 flushing  nmethod 0x0000022627775c10
Event: 14.910 Thread 0x000002263b0228e0 flushing  nmethod 0x000002261faafd10
Event: 14.910 Thread 0x000002263b0228e0 flushing  nmethod 0x000002261fb96690
Event: 14.910 Thread 0x000002263b0228e0 flushing  nmethod 0x000002261fdbfa10
Event: 14.910 Thread 0x000002263b0228e0 flushing  nmethod 0x0000022620056890
Event: 14.910 Thread 0x000002263b0228e0 flushing  nmethod 0x0000022620117610
Event: 14.910 Thread 0x000002263b0228e0 flushing  nmethod 0x0000022620223190
Event: 14.910 Thread 0x000002263b0228e0 flushing  nmethod 0x0000022620254f10
Event: 14.910 Thread 0x000002263b0228e0 flushing  nmethod 0x0000022620284110
Event: 14.910 Thread 0x000002263b0228e0 flushing  nmethod 0x0000022620286f90
Event: 14.910 Thread 0x000002263b0228e0 flushing  nmethod 0x0000022620619090
Event: 14.910 Thread 0x000002263b0228e0 flushing  nmethod 0x000002262077f090
Event: 14.910 Thread 0x000002263b0228e0 flushing  nmethod 0x00000226207f4090
Event: 14.910 Thread 0x000002263b0228e0 flushing  nmethod 0x000002262086b190

Events (20 events):
Event: 14.509 Thread 0x000002263b0b3200 Thread added: 0x000002263ea3cf00
Event: 15.805 Thread 0x000002263ced7d20 Thread added: 0x0000022647332940
Event: 15.805 Thread 0x000002263ced7d20 Thread added: 0x00000226473350a0
Event: 15.805 Thread 0x000002263ced7d20 Thread added: 0x0000022647334a10
Event: 15.805 Thread 0x000002263ced7d20 Thread added: 0x0000022647337170
Event: 15.805 Thread 0x000002263ced7d20 Thread added: 0x0000022647334380
Event: 15.805 Thread 0x000002263ced7d20 Thread added: 0x0000022647336450
Event: 15.806 Thread 0x000002263ced7d20 Thread added: 0x0000022647333cf0
Event: 15.806 Thread 0x000002263ced7d20 Thread added: 0x0000022647336ae0
Event: 15.816 Thread 0x000002263ced7d20 Thread added: 0x0000022647337800
Event: 15.817 Thread 0x000002263ced7d20 Thread added: 0x0000022647337e90
Event: 15.818 Thread 0x000002263ced7d20 Thread added: 0x0000022647338bb0
Event: 15.829 Thread 0x000002263ced7d20 Thread added: 0x0000022647338520
Event: 15.830 Thread 0x000002263ced7d20 Thread added: 0x0000022647335730
Event: 15.830 Thread 0x000002263ced7d20 Thread added: 0x0000022647335dc0
Event: 15.831 Thread 0x000002263ced7d20 Thread added: 0x000002264733c030
Event: 15.831 Thread 0x000002263ced7d20 Thread added: 0x000002264733a5f0
Event: 15.833 Thread 0x000002263ced7d20 Thread added: 0x000002264733b9a0
Event: 15.834 Thread 0x000002263ced7d20 Thread added: 0x00000226473398d0
Event: 15.837 Thread 0x000002263ced7d20 Thread added: 0x0000022647339f60


Dynamic libraries:
0x00007ff7880b0000 - 0x00007ff7880ba000 	C:\Program Files\Android\Android Studio4\jbr\bin\java.exe
0x00007ffe4d5e0000 - 0x00007ffe4d847000 	C:\WINDOWS\SYSTEM32\ntdll.dll
0x00007ffe4c320000 - 0x00007ffe4c3e9000 	C:\WINDOWS\System32\KERNEL32.DLL
0x00007ffe4a7a0000 - 0x00007ffe4ab90000 	C:\WINDOWS\System32\KERNELBASE.dll
0x00007ffe4ae60000 - 0x00007ffe4afab000 	C:\WINDOWS\System32\ucrtbase.dll
0x00007ffe29800000 - 0x00007ffe2981b000 	C:\Program Files\Android\Android Studio4\jbr\bin\VCRUNTIME140.dll
0x00007ffdc3cf0000 - 0x00007ffdc3d08000 	C:\Program Files\Android\Android Studio4\jbr\bin\jli.dll
0x00007ffe4c610000 - 0x00007ffe4c7d5000 	C:\WINDOWS\System32\USER32.dll
0x00007ffe39b00000 - 0x00007ffe39d9a000 	C:\WINDOWS\WinSxS\amd64_microsoft.windows.common-controls_6595b64144ccf1df_6.0.26100.4768_none_3e0c112ce331287c\COMCTL32.dll
0x00007ffe4b0f0000 - 0x00007ffe4b117000 	C:\WINDOWS\System32\win32u.dll
0x00007ffe4cf40000 - 0x00007ffe4cfe9000 	C:\WINDOWS\System32\msvcrt.dll
0x00007ffe4b7e0000 - 0x00007ffe4b80b000 	C:\WINDOWS\System32\GDI32.dll
0x00007ffe4afb0000 - 0x00007ffe4b0e8000 	C:\WINDOWS\System32\gdi32full.dll
0x00007ffe4aba0000 - 0x00007ffe4ac43000 	C:\WINDOWS\System32\msvcp_win.dll
0x00007ffe4c2e0000 - 0x00007ffe4c30f000 	C:\WINDOWS\System32\IMM32.DLL
0x00007ffe474b0000 - 0x00007ffe474bc000 	C:\Program Files\Android\Android Studio4\jbr\bin\vcruntime140_1.dll
0x00007ffd61170000 - 0x00007ffd611fd000 	C:\Program Files\Android\Android Studio4\jbr\bin\msvcp140.dll
0x00007ffd61360000 - 0x00007ffd61feb000 	C:\Program Files\Android\Android Studio4\jbr\bin\server\jvm.dll
0x00007ffe4d350000 - 0x00007ffe4d404000 	C:\WINDOWS\System32\ADVAPI32.dll
0x00007ffe4d440000 - 0x00007ffe4d4e6000 	C:\WINDOWS\System32\sechost.dll
0x00007ffe4c470000 - 0x00007ffe4c588000 	C:\WINDOWS\System32\RPCRT4.dll
0x00007ffe4b5f0000 - 0x00007ffe4b664000 	C:\WINDOWS\System32\WS2_32.dll
0x00007ffe4a3a0000 - 0x00007ffe4a3fe000 	C:\WINDOWS\SYSTEM32\POWRPROF.dll
0x00007ffe3dc70000 - 0x00007ffe3dca5000 	C:\WINDOWS\SYSTEM32\WINMM.dll
0x00007ffe43ea0000 - 0x00007ffe43eab000 	C:\WINDOWS\SYSTEM32\VERSION.dll
0x00007ffe4a380000 - 0x00007ffe4a394000 	C:\WINDOWS\SYSTEM32\UMPDC.dll
0x00007ffe49420000 - 0x00007ffe4943b000 	C:\WINDOWS\SYSTEM32\kernel.appcore.dll
0x00007ffe29c40000 - 0x00007ffe29c4a000 	C:\Program Files\Android\Android Studio4\jbr\bin\jimage.dll
0x00007ffe3acb0000 - 0x00007ffe3aef1000 	C:\WINDOWS\SYSTEM32\DBGHELP.DLL
0x00007ffe4bf50000 - 0x00007ffe4c2d5000 	C:\WINDOWS\System32\combase.dll
0x00007ffe4b500000 - 0x00007ffe4b5e0000 	C:\WINDOWS\System32\OLEAUT32.dll
0x00007ffe35b20000 - 0x00007ffe35b63000 	C:\WINDOWS\SYSTEM32\dbgcore.DLL
0x00007ffe4b2a0000 - 0x00007ffe4b339000 	C:\WINDOWS\System32\bcryptPrimitives.dll
0x00007ffe15ae0000 - 0x00007ffe15aee000 	C:\Program Files\Android\Android Studio4\jbr\bin\instrument.dll
0x00007ffdc9560000 - 0x00007ffdc9580000 	C:\Program Files\Android\Android Studio4\jbr\bin\java.dll
0x00007ffdc9540000 - 0x00007ffdc9558000 	C:\Program Files\Android\Android Studio4\jbr\bin\zip.dll
0x00007ffe4c7f0000 - 0x00007ffe4cf3d000 	C:\WINDOWS\System32\SHELL32.dll
0x00007ffe4b120000 - 0x00007ffe4b293000 	C:\WINDOWS\System32\wintypes.dll
0x00007ffe482a0000 - 0x00007ffe48b00000 	C:\WINDOWS\SYSTEM32\windows.storage.dll
0x00007ffe4b6e0000 - 0x00007ffe4b7d5000 	C:\WINDOWS\System32\SHCORE.dll
0x00007ffe4d4f0000 - 0x00007ffe4d55a000 	C:\WINDOWS\System32\shlwapi.dll
0x00007ffe4a600000 - 0x00007ffe4a629000 	C:\WINDOWS\SYSTEM32\profapi.dll
0x00007ffe27230000 - 0x00007ffe27240000 	C:\Program Files\Android\Android Studio4\jbr\bin\net.dll
0x00007ffe44630000 - 0x00007ffe4474e000 	C:\WINDOWS\SYSTEM32\WINHTTP.dll
0x00007ffe49990000 - 0x00007ffe499fb000 	C:\WINDOWS\system32\mswsock.dll
0x00007ffdc9520000 - 0x00007ffdc9536000 	C:\Program Files\Android\Android Studio4\jbr\bin\nio.dll
0x00007ffe178b0000 - 0x00007ffe178c0000 	C:\Program Files\Android\Android Studio4\jbr\bin\verify.dll
0x00007ffdc9040000 - 0x00007ffdc9067000 	C:\Users\CUONG\.gradle\native\1def1411415f61bf3af743bc5b6707747c0891f09f0c88961ee8f79bc544acac\windows-amd64\native-platform.dll
0x00007ffd63530000 - 0x00007ffd635a8000 	C:\Users\CUONG\.gradle\native\0.2.7\x86_64-windows-gnu\gradle-fileevents.dll
0x00007ffe19240000 - 0x00007ffe19249000 	C:\Program Files\Android\Android Studio4\jbr\bin\management.dll
0x00007ffe18300000 - 0x00007ffe1830b000 	C:\Program Files\Android\Android Studio4\jbr\bin\management_ext.dll
0x00007ffe4cff0000 - 0x00007ffe4cff8000 	C:\WINDOWS\System32\PSAPI.DLL
0x00007ffe48e10000 - 0x00007ffe48e43000 	C:\WINDOWS\SYSTEM32\IPHLPAPI.DLL
0x00007ffe4b6d0000 - 0x00007ffe4b6da000 	C:\WINDOWS\System32\NSI.dll
0x00007ffe198d0000 - 0x00007ffe198d9000 	C:\Program Files\Android\Android Studio4\jbr\bin\extnet.dll
0x00007ffe49d70000 - 0x00007ffe49d8b000 	C:\WINDOWS\SYSTEM32\CRYPTSP.dll
0x00007ffe49380000 - 0x00007ffe493bb000 	C:\WINDOWS\system32\rsaenh.dll
0x00007ffe49a30000 - 0x00007ffe49a5b000 	C:\WINDOWS\SYSTEM32\USERENV.dll
0x00007ffe4a5d0000 - 0x00007ffe4a5f6000 	C:\WINDOWS\SYSTEM32\bcrypt.dll
0x00007ffe49bd0000 - 0x00007ffe49bdc000 	C:\WINDOWS\SYSTEM32\CRYPTBASE.dll
0x00007ffdb8100000 - 0x00007ffdb8108000 	C:\WINDOWS\system32\wshunix.dll

dbghelp: loaded successfully - version: 4.0.5 - missing functions: none
symbol engine: initialized successfully - sym options: 0x614 - pdb path: .;C:\Program Files\Android\Android Studio4\jbr\bin;C:\WINDOWS\SYSTEM32;C:\WINDOWS\WinSxS\amd64_microsoft.windows.common-controls_6595b64144ccf1df_6.0.26100.4768_none_3e0c112ce331287c;C:\Program Files\Android\Android Studio4\jbr\bin\server;C:\Users\CUONG\.gradle\native\1def1411415f61bf3af743bc5b6707747c0891f09f0c88961ee8f79bc544acac\windows-amd64;C:\Users\CUONG\.gradle\native\0.2.7\x86_64-windows-gnu

VM Arguments:
jvm_args: --add-opens=java.base/java.lang=ALL-UNNAMED --add-opens=java.base/java.lang.invoke=ALL-UNNAMED --add-opens=java.base/java.util=ALL-UNNAMED --add-opens=java.prefs/java.util.prefs=ALL-UNNAMED --add-exports=jdk.compiler/com.sun.tools.javac.api=ALL-UNNAMED --add-exports=jdk.compiler/com.sun.tools.javac.util=ALL-UNNAMED --add-opens=java.base/java.util=ALL-UNNAMED --add-opens=java.prefs/java.util.prefs=ALL-UNNAMED --add-opens=java.base/java.nio.charset=ALL-UNNAMED --add-opens=java.base/java.net=ALL-UNNAMED --add-opens=java.base/java.util.concurrent.atomic=ALL-UNNAMED --add-opens=java.xml/javax.xml.namespace=ALL-UNNAMED -XX:MaxMetaspaceSize=1g -Xmx4g -Dfile.encoding=UTF-8 -Duser.country=US -Duser.language=en -Duser.variant -javaagent:C:\Users\CUONG\.gradle\wrapper\dists\gradle-8.13-bin\5xuhj0ry160q40clulazy9h7d\gradle-8.13\lib\agents\gradle-instrumentation-agent-8.13.jar 
java_command: org.gradle.launcher.daemon.bootstrap.GradleDaemon 8.13
java_class_path (initial): C:\Users\CUONG\.gradle\wrapper\dists\gradle-8.13-bin\5xuhj0ry160q40clulazy9h7d\gradle-8.13\lib\gradle-daemon-main-8.13.jar
Launcher Type: SUN_STANDARD

[Global flags]
     intx CICompilerCount                          = 4                                         {product} {ergonomic}
   size_t CompressedClassSpaceSize                 = 872415232                                 {product} {ergonomic}
     uint ConcGCThreads                            = 3                                         {product} {ergonomic}
     uint G1ConcRefinementThreads                  = 10                                        {product} {ergonomic}
   size_t G1HeapRegionSize                         = 2097152                                   {product} {ergonomic}
    uintx GCDrainStackTargetSize                   = 64                                        {product} {ergonomic}
   size_t InitialHeapSize                          = 266338304                                 {product} {ergonomic}
   size_t MarkStackSize                            = 4194304                                   {product} {ergonomic}
   size_t MaxHeapSize                              = 4294967296                                {product} {command line}
   size_t MaxMetaspaceSize                         = 1073741824                                {product} {command line}
   size_t MaxNewSize                               = 2575302656                                {product} {ergonomic}
   size_t MinHeapDeltaBytes                        = 2097152                                   {product} {ergonomic}
   size_t MinHeapSize                              = 8388608                                   {product} {ergonomic}
    uintx NonNMethodCodeHeapSize                   = 5839372                                {pd product} {ergonomic}
    uintx NonProfiledCodeHeapSize                  = 122909434                              {pd product} {ergonomic}
    uintx ProfiledCodeHeapSize                     = 122909434                              {pd product} {ergonomic}
    uintx ReservedCodeCacheSize                    = 251658240                              {pd product} {ergonomic}
     bool SegmentedCodeCache                       = true                                      {product} {ergonomic}
   size_t SoftMaxHeapSize                          = 4294967296                             {manageable} {ergonomic}
     bool UseCompressedOops                        = true                           {product lp64_product} {ergonomic}
     bool UseG1GC                                  = true                                      {product} {ergonomic}
     bool UseLargePagesIndividualAllocation        = false                                  {pd product} {ergonomic}

Logging:
Log output configuration:
 #0: stdout all=warning uptime,level,tags foldmultilines=false
 #1: stderr all=off uptime,level,tags foldmultilines=false

Environment Variables:
JAVA_HOME=C:\Program Files\Java\jdk-17
PATH=C:\Python312\Scripts\;C:\Python312\;C:\Program Files\Common Files\Oracle\Java\javapath;C:\Windows\system32;C:\Windows;C:\Windows\System32\Wbem;C:\Windows\System32\WindowsPowerShell\v1.0\;C:\Windows\System32\OpenSSH\;C:\Program Files\Microsoft SQL Server\Client SDK\ODBC\170\Tools\Binn\;C:\Program Files\Microsoft SQL Server\150\Tools\Binn\;C:\Program Files\dotnet\;C:\Program Files (x86)\Microsoft SQL Server\100\Tools\Binn\;C:\Program Files\Microsoft SQL Server\100\Tools\Binn\;C:\Program Files\Microsoft SQL Server\100\DTS\Binn\;C:\Program Files (x86)\Microsoft SQL Server\100\Tools\Binn\VSShell\Common7\IDE\;C:\Program Files (x86)\Microsoft SQL Server\100\DTS\Binn\;C:\Program Files\nodejs\;C:\ProgramData\chocolatey\bin;C:\WINDOWS\system32;C:\WINDOWS;C:\WINDOWS\System32\Wbem;C:\WINDOWS\System32\WindowsPowerShell\v1.0\;C:\WINDOWS\System32\OpenSSH\;C:\Program Files\Microsoft SQL Server\Client SDK\ODBC\110\Tools\Binn\;C:\Program Files (x86)\Microsoft SQL Server\120\Tools\Binn\;C:\Program Files\Microsoft SQL Server\120\Tools\Binn\;C:\Program Files\Microsoft SQL Server\120\DTS\Binn\;C:\Program Files (x86)\Windows Kits\8.1\Windows Performance Toolkit\;C:\Users\CUONG\AppData\Roaming\npm;C:\Program Files\Erlang OTP\bin;C:\Program Files\Git\cmd;C:\Users\CUONG\AppData\Local\Android\Sdk\platform-tools;C:\Program Files\Microsoft SQL Server\130\Tools\Binn\;C:\Program Files\Go\bin;C:\Program Files\NVIDIA Corporation\NVIDIA App\NvDLISR;C:\Program Files (x86)\NVIDIA Corporation\PhysX\Common;C:\Program Files\Cloudflare\Cloudflare WARP\;C:\Users\CUONG\AppData\Local\Microsoft\WindowsApps;C:\Users\CUONG\.dotnet\tools;C:\Users\CUONG\AppData\Local\Programs\Microsoft VS Code\bin;C:\Users\CUONG\AppData\Roaming\npm;C:\Program Files\Erlang OTP\bin;C:\Users\CUONG\go\bin;
USERNAME=CUONG
OS=Windows_NT
PROCESSOR_IDENTIFIER=Intel64 Family 6 Model 151 Stepping 5, GenuineIntel
TMP=C:\Users\CUONG\AppData\Local\Temp
TEMP=C:\Users\CUONG\AppData\Local\Temp




Periodic native trim disabled

JNI global refs:
JNI global refs: 29, weak refs: 1

JNI global refs memory usage: 835, weak refs: 833

Process memory usage:
Resident Set Size: 500192K (3% of 16627136K total physical memory with 1656040K free physical memory)

OOME stack traces (most recent first):
Classloader memory used:
Loader org.gradle.internal.classloader.VisitableURLClassLoader                         : 47246K
Loader bootstrap                                                                       : 26133K
Loader org.gradle.initialization.MixInLegacyTypesClassLoader                           : 12779K
Loader org.gradle.internal.classloader.VisitableURLClassLoader$InstrumentingVisitableURLClassLoader: 5711K
Loader org.gradle.internal.classloader.VisitableURLClassLoader                         : 1088K
Loader jdk.internal.loader.ClassLoaders$PlatformClassLoader                            : 496K
Loader jdk.internal.reflect.DelegatingClassLoader                                      : 364K
Loader jdk.internal.loader.ClassLoaders$AppClassLoader                                 : 235K
Loader org.gradle.groovy.scripts.internal.DefaultScriptCompilationHandler$ScriptClassLoader: 126K
Loader org.codehaus.groovy.runtime.callsite.CallSiteClassLoader                        : 65048B

Classes loaded by more than one classloader:
Class Program                                                                         : loaded 15 times (x 68B)
Class Build_gradle$1                                                                  : loaded 10 times (x 74B)
Class Build_gradle                                                                    : loaded 10 times (x 126B)
Class org.gradle.kotlin.dsl.VersionCatalogAccessorsKt                                 : loaded 5 times (x 67B)
Class org.gradle.kotlin.dsl.Accessors96b3ii45gitqpy1kb3tvcvtxvKt                      : loaded 4 times (x 67B)
Class Settings_gradle                                                                 : loaded 4 times (x 124B)
Class Build_gradle$6                                                                  : loaded 4 times (x 70B)
Class org.gradle.kotlin.dsl.ImplementationConfigurationAccessorsKt                    : loaded 4 times (x 67B)
Class Build_gradle$4                                                                  : loaded 4 times (x 70B)
Class Build_gradle$3                                                                  : loaded 4 times (x 70B)
Class Build_gradle$2                                                                  : loaded 4 times (x 75B)
Class org.gradle.kotlin.dsl.Accessors9osmdt78klrrxidc9srcw3tsqKt                      : loaded 4 times (x 67B)
Class Build_gradle$5                                                                  : loaded 4 times (x 70B)
Class org.gradle.api.GradleException                                                  : loaded 3 times (x 78B)
Class org.gradle.kotlin.dsl.TestImplementationConfigurationAccessorsKt                : loaded 3 times (x 67B)
Class org.gradle.internal.classloader.InstrumentingClassLoader                        : loaded 2 times (x 66B)
Class kotlin.enums.EnumEntriesList                                                    : loaded 2 times (x 219B)
Class org.gradle.internal.service.ServiceLocator                                      : loaded 2 times (x 66B)
Class org.gradle.kotlin.dsl.Accessorse8w47d3slt021lb0cbtcdsmobKt                      : loaded 2 times (x 67B)
Class org.gradle.internal.classpath.TransformedClassPath                              : loaded 2 times (x 92B)
Class sync_studio_tooling_11gw3i4a238ypigj4flg2zrdn                                   : loaded 2 times (x 175B)
Class org.gradle.internal.InternalTransformer                                         : loaded 2 times (x 66B)
Class org.gradle.internal.time.DefaultTimer                                           : loaded 2 times (x 76B)
Class org.gradle.internal.classloader.ClasspathUtil$1                                 : loaded 2 times (x 72B)
Class org.gradle.api.internal.classpath.DefaultModuleRegistry$DefaultModule           : loaded 2 times (x 82B)
Class org.gradle.internal.time.DefaultCountdownTimer                                  : loaded 2 times (x 84B)
Class kotlin.Function                                                                 : loaded 2 times (x 66B)
Class org.gradle.api.internal.classpath.Module                                        : loaded 2 times (x 66B)
Class org.gradle.api.internal.classpath.UnknownModuleException                        : loaded 2 times (x 78B)
Class org.gradle.api.internal.DefaultClassPathRegistry                                : loaded 2 times (x 72B)
Class org.gradle.api.internal.ClassPathRegistry                                       : loaded 2 times (x 66B)
Class org.gradle.internal.classpath.DefaultClassPath$ImmutableUniqueList              : loaded 2 times (x 195B)
Class org.gradle.internal.service.UnknownServiceException                             : loaded 2 times (x 79B)
Class Settings_gradle$1                                                               : loaded 2 times (x 70B)
Class org.gradle.internal.classpath.ClassPath                                         : loaded 2 times (x 66B)
Class org.gradle.api.UncheckedIOException                                             : loaded 2 times (x 78B)
Class Build_gradle$2$1                                                                : loaded 2 times (x 70B)
Class kotlin.UninitializedPropertyAccessException                                     : loaded 2 times (x 78B)
Class org.gradle.internal.installation.GradleInstallation$1                           : loaded 2 times (x 71B)
Class org.gradle.api.internal.classpath.ModuleRegistry                                : loaded 2 times (x 66B)
Class org.gradle.api.internal.classpath.DefaultModuleRegistry                         : loaded 2 times (x 82B)
Class org.gradle.internal.time.MonotonicClock                                         : loaded 2 times (x 73B)
Class org.gradle.internal.service.ServiceLookupException                              : loaded 2 times (x 78B)
Class org.gradle.internal.classloader.ClassLoaderFactory                              : loaded 2 times (x 66B)
Class org.gradle.internal.service.CachingServiceLocator                               : loaded 2 times (x 78B)
Class org.gradle.internal.time.TimeSource                                             : loaded 2 times (x 66B)
Class kotlin.enums.EnumEntries                                                        : loaded 2 times (x 66B)
Class org.gradle.internal.exceptions.ResolutionProvider                               : loaded 2 times (x 66B)
Class org.gradle.api.internal.ClassPathProvider                                       : loaded 2 times (x 66B)
Class org.gradle.internal.classloader.ClasspathUtil                                   : loaded 2 times (x 67B)
Class org.jetbrains.kotlin.tooling.core.HasExtras                                     : loaded 2 times (x 66B)
Class org.gradle.internal.time.TimeSource$1                                           : loaded 2 times (x 73B)
Class kotlin.jvm.internal.DefaultConstructorMarker                                    : loaded 2 times (x 67B)
Class org.gradle.api.specs.Spec                                                       : loaded 2 times (x 66B)
Class [Lorg.gradle.api.internal.ClassPathProvider;                                    : loaded 2 times (x 65B)
Class org.gradle.internal.time.Clock                                                  : loaded 2 times (x 66B)
Class org.gradle.api.internal.DefaultClassPathProvider                                : loaded 2 times (x 72B)
Class kotlin.collections.AbstractList                                                 : loaded 2 times (x 193B)
Class kotlin.collections.AbstractCollection                                           : loaded 2 times (x 113B)
Class org.gradle.api.internal.classpath.EffectiveClassPath                            : loaded 2 times (x 86B)
Class org.jetbrains.kotlin.tooling.core.Extras                                        : loaded 2 times (x 66B)
Class org.gradle.internal.classloader.ClassLoaderVisitor                              : loaded 2 times (x 72B)
Class org.gradle.internal.classloader.VisitableURLClassLoader$InstrumentingVisitableURLClassLoader: loaded 2 times (x 119B)
Class kotlin.collections.AbstractList$Companion                                       : loaded 2 times (x 67B)
Class org.gradle.internal.classloader.VisitableURLClassLoader$Spec                    : loaded 2 times (x 70B)
Class org.gradle.internal.classpath.DefaultClassPath                                  : loaded 2 times (x 86B)
Class org.gradle.internal.classloader.DefaultClassLoaderFactory                       : loaded 2 times (x 78B)
Class Build_gradle$7                                                                  : loaded 2 times (x 70B)
Class org.gradle.internal.classloader.ClassLoaderSpec                                 : loaded 2 times (x 67B)
Class Settings_gradle$1$1                                                             : loaded 2 times (x 70B)
Class kotlin.Unit                                                                     : loaded 2 times (x 67B)
Class org.gradle.internal.classloader.VisitableURLClassLoader                         : loaded 2 times (x 113B)
Class org.gradle.internal.operations.MultipleBuildOperationFailures                   : loaded 2 times (x 91B)
Class org.gradle.internal.Cast                                                        : loaded 2 times (x 67B)
Class org.gradle.api.Action                                                           : loaded 2 times (x 66B)
Class ijInit1_7puke3unpafand4h1jam7pu8p                                               : loaded 2 times (x 175B)
Class kotlin.jvm.functions.Function1                                                  : loaded 2 times (x 66B)
Class Build_gradle$2$1$1                                                              : loaded 2 times (x 70B)
Class org.gradle.internal.classpath.DefaultClassPath$ImmutableUniqueList$Builder      : loaded 2 times (x 71B)
Class org.gradle.api.internal.classpath.ManifestUtil                                  : loaded 2 times (x 67B)
Class org.gradle.internal.exceptions.NonGradleCauseExceptionsHolder                   : loaded 2 times (x 66B)
Class org.jetbrains.plugins.gradle.tooling.ModelBuilderService$Parameter              : loaded 2 times (x 66B)
Class org.gradle.internal.classloader.ClassLoaderHierarchy                            : loaded 2 times (x 66B)
Class org.jetbrains.kotlin.tooling.core.HasMutableExtras                              : loaded 2 times (x 66B)
Class kotlin.enums.EnumEntriesKt                                                      : loaded 2 times (x 67B)
Class org.gradle.internal.IoActions                                                   : loaded 2 times (x 67B)
Class org.gradle.internal.classloader.SystemClassLoaderSpec                           : loaded 2 times (x 67B)
Class org.gradle.internal.exceptions.MultiCauseException                              : loaded 2 times (x 66B)
Class org.gradle.internal.time.CountdownTimer                                         : loaded 2 times (x 66B)
Class kotlin.jvm.internal.Intrinsics                                                  : loaded 2 times (x 67B)
Class org.gradle.internal.classloader.FilteringClassLoader                            : loaded 2 times (x 101B)
Class org.gradle.tooling.model.ProjectModel                                           : loaded 2 times (x 66B)
Class kotlin.KotlinNullPointerException                                               : loaded 2 times (x 79B)
Class org.gradle.internal.exceptions.DefaultMultiCauseException                       : loaded 2 times (x 91B)
Class org.gradle.internal.time.Time                                                   : loaded 2 times (x 67B)
Class org.gradle.api.internal.classpath.GlobalCacheRootsProvider                      : loaded 2 times (x 66B)
Class kotlin.NotImplementedError                                                      : loaded 2 times (x 78B)
Class org.gradle.internal.time.Timer                                                  : loaded 2 times (x 66B)
Class kotlin.jvm.internal.markers.KMappedMarker                                       : loaded 2 times (x 66B)
Class org.gradle.internal.installation.CurrentGradleInstallationLocator               : loaded 2 times (x 67B)
Class org.gradle.internal.service.DefaultServiceLocator                               : loaded 2 times (x 79B)
Class org.gradle.util.GradleVersion                                                   : loaded 2 times (x 75B)
Class org.gradle.internal.installation.CurrentGradleInstallation                      : loaded 2 times (x 69B)
Class org.gradle.util.internal.GUtil                                                  : loaded 2 times (x 67B)
Class org.gradle.internal.installation.GradleInstallation                             : loaded 2 times (x 71B)

---------------  S Y S T E M  ---------------

OS:
 Windows 11 , 64 bit Build 26100 (10.0.26100.4768)
OS uptime: 0 days 6:16 hours
Hyper-V role detected

CPU: total 12 (initial active 12) (6 cores per cpu, 2 threads per core) family 6 model 151 stepping 5 microcode 0x2c, cx8, cmov, fxsr, ht, mmx, 3dnowpref, sse, sse2, sse3, ssse3, sse4.1, sse4.2, popcnt, lzcnt, tsc, tscinvbit, avx, avx2, aes, erms, clmul, bmi1, bmi2, adx, sha, fma, vzeroupper, clflush, clflushopt, clwb, hv, serialize, rdtscp, rdpid, fsrm, f16c, cet_ibt, cet_ss
Processor Information for the first 12 processors :
  Max Mhz: 2500, Current Mhz: 2500, Mhz Limit: 2500

Memory: 4k page, system-wide physical 16237M (1617M free)
TotalPageFile size 24822M (AvailPageFile size 5M)
current process WorkingSet (physical memory assigned to process): 489M, peak: 489M
current process commit charge ("private bytes"): 564M, peak: 578M

vm_info: OpenJDK 64-Bit Server VM (21.0.6+-13391695-b895.109) for windows-amd64 JRE (21.0.6+-13391695-b895.109), built on 2025-04-22T21:19:17Z by "builder" with MS VC++ 16.10 / 16.11 (VS2019)

END.
